3827:Autor Necunoscut:Autor_necunoscut
2375:Nicolae Moldoveanu:Nicolae_moldoveanu
385:Speranţa:Speranta
278:Alexandru Groza:Alexandru_groza
266:Puiu Chibici:Puiu_chibici
119:Ovidiu Liteanu:Ovidiu_liteanu
116:Adi Gliga:Adi_gliga
113:Carmen Prodan:Carmen_prodan
86:ed. Dan Istrate:Ed_dan_istrate
86:Otniel Stirb:Otniel_stirb
82:Nicu Wagner:Nicu_wagner
82:Gabi_Ilut:Gabiilut
77:Ionel Saran (Bochis):Ionel_saran_bochis
72:Nicu Chereji:Nicu_chereji
71:Diaz Amos:Diaz_amos
69:Iulia Contis:Iulia_contis
68:Mirela Ursulescu:Mirela_ursulescu
63:Traian Dorz:Traian_dorz
63:Gabi Ilut:Gabi_ilut
62:The Messengers:The_messengers
61:Lidia Gheorghe:Lidia_gheorghe
60:Otto Pascal:Otto_pascal
53:Ionică Stoica:Ionica_stoica
53:Nicolae Zamfir:Nicolae_zamfir
51:Maria Șimon:Maria_simon
50:Ionel Saran:Ionel_saran
45:Adriana Stoica:Adriana_stoica
44:Dionisie Giuchici:Dionisie_giuchici
44:Gabriel Gorcea şi prietenii:Gabriel_gorcea_si_prietenii
43:David Stănuș:David_stanus
42:Continental:Continental
42:Alin și Emima Timofte:Alin_si_emima_timofte
42:Fratii Pal:Fratii_pal
42:Daniel Briciu:Daniel_briciu
41:Speranţa şi prietenii:Speranta_si_prietenii
41:Cătălin şi Ramona Lup:Catalin_si_ramona_lup
36:Daniela Haidaciuc:Daniela_haidaciuc
35:Daniel Hartie:Daniel_hartie
35:Matt Redman:Matt_redman
34:Fraţii Wagner:Fratii_wagner
33:Ilie Neagu:Ilie_neagu
32:Ioan Hapca:Ioan_hapca
32:Puiu și Beni Chibici:Puiu_si_beni_chibici
31:Denys Laurenciuc:Denys_laurenciuc
31:Marius Livanu:Marius_livanu
30:Leleu Niculae:Leleu_niculae
29:Costache Ioanid:Costache_ioanid
28:Johnny Daraban:Johnny_daraban
28:Remus Tămăşan Cristi:Remus_tamasan_cristi
28:Marta Bergheaua:Marta_bergheaua
27:Florin Pal:Florin_pal
27:Rugul aprins:Rugul_aprins
26:Tinerii din Biserica Penticostala Nădlac:Tinerii_din_biserica_penticostala_nadlac
25:Daniel Cristian:Daniel_cristian
25:amos7:Amos
24:Cătălin Ciuculescu Band:Catalin_ciuculescu_band
24:Rafael Dragomir:Rafael_dragomir
24:Ilie Belciu:Ilie_belciu
23:Speranţa pentru copii:Speranta_pentru_copii
23:Albert E. Brumley:Albert_e_brumley
23:Alin şi Florina Jivan:Alin_si_florina_jivan
22:Hillsong:Hillsong
22:Hillsong United:Hillsong_united
22:Dan Damian:Dan_damian
22:Alexandra Flămînd:Alexandra_flamind
22:Elim Harmony:Elim_harmony
22:Emma:Emma
20:Marta_Bergheaua:Martabergheaua
19:Gabriel Gorcea:Gabriel_gorcea
19:Mariana Someşan:Mariana_somesan
19:Corneliu Matei:Corneliu_matei
19:Gheorghe Zoltan:Gheorghe_zoltan
19:Decean:Decean
19:Petre Strango:Petre_strango
19:CristoCentric:Cristocentric
19:Biji din Barbulesti:Biji_din_barbulesti
19:David Preuteasa:David_preuteasa
18:Daniel Hîrtie:Daniel_hirtie
18:Claudia Danciu:Claudia_danciu
18:Ekklesia:Ekklesia
17:Ami şi Crista:Ami_si_crista
17:Dincolo De Ziduri:Dincolo_de_ziduri
17:Grupul Eldad:Grupul_eldad
17:Simon Boloca:Simon_boloca
16:Iany și Cristina Laurenciuc:Iany_si_cristina_laurenciuc
16:Damaris Azamfirei:Damaris_azamfirei
16:Dorel Breabăn:Dorel_breaban
16:Sanja Cristea Tiberian:Sanja_cristea_tiberian
16:Narcisa P.:Narcisa_p
16:Fratii Sfara:Fratii_sfara
16:Beni Cibu:Beni_cibu
15:Vali Pentea Sava:Vali_pentea_sava
15:Emma Repede:Emma_repede
15:Dorin Mihai:Dorin_mihai
15:Cornel Sava:Cornel_sava
15:Iolu Cornel:Iolu_cornel
14:Dina Maria Pop:Dina_maria_pop
14:Sunny Tranca:Sunny_tranca
14:Cătălin Ciuculescu:Catalin_ciuculescu
14:Mosie Lister:Mosie_lister
14:Onisim Grab:Onisim_grab
14:Iasmin Rey:Iasmin_rey
14:Miron Cornel:Miron_cornel
13:Ovidiu Berghian:Ovidiu_berghian
13:Virginia:Virginia
13:Anca Ostafe:Anca_ostafe
13:Grup Eldad:Grup_eldad
13:Andreea Popoi:Andreea_popoi
13:Utilizator Moldovan Florin:Utilizator_moldovan_florin
12:Rahela Goagără:Rahela_goagara
12:Iany Laurenciuc:Iany_laurenciuc
12:Ala Bragari:Ala_bragari
12:Daniel Olcean:Daniel_olcean
12:Beni Moldovan:Beni_moldovan
12:Eleazar:Eleazar
12:Alin Timofte:Alin_timofte
12:Cristian Văduva:Cristian_vaduva
12:Ramona Ibănescu:Ramona_ibanescu
12:Ionuţ Crăciun:Ionut_craciun
11:Traian Niculai:Traian_niculai
11:Eldad:Eldad
11:Tabara 477:Tabara
11:Cristale:Cristale
11:Doru Gîrboan:Doru_girboan
11:Felicia Drumas:Felicia_drumas
11:Eldad Kids:Eldad_kids
11:Zao Thusia:Zao_thusia
11:Vitamina C:Vitamina_c
11:Cristina_Toma:Cristinatoma
11:Nica Lucian:Nica_lucian
11:Teo Family:Teo_family
11:Florin Mesaroș:Florin_mesaros
11:Simion Buzduga:Simion_buzduga
11:Sara Dehelean:Sara_dehelean
11:Callatis Praise:Callatis_praise
11:Messis:Messis
11:Ariana Samoila:Ariana_samoila
11:Barney E. Warren:Barney_e_warren
10:Persida Mureşan:Persida_muresan
10:Grupul Evangelion:Grupul_evangelion
10:William J. Gaither:William_j_gaither
10:Emima Toader:Emima_toader
10:Elena Sufletel:Elena_sufletel
10:Bucuria copiilor:Bucuria_copiilor
10:Text și muzică: Costel Mijan:Text_si_muzica:_costel_mijan
10:Ilie Puha:Ilie_puha
10:Ovidiu Pal:Ovidiu_pal
10:Vasile Daniel:Vasile_daniel
10:Romeo Stan:Romeo_stan
10:Frații Strugariu:Fratii_strugariu
10:Mihail Dimitriu:Mihail_dimitriu
10:Excelsis Worship:Excelsis_worship
10:Omega:Omega
10:BBSO:Bbso
10:Pavel Mariana, Florica:Pavel_mariana_florica
9:Dan Muncaciu:Dan_muncaciu
9:Grupul Silo:Grupul_silo
9:George Lupsea:George_lupsea
9:Birjac Ovidiu:Birjac_ovidiu
9:Adonia:Adonia
9:Simina:Simina
9:Narcisa:Narcisa
9:Chris:Chris
9:Toma Coca:Toma_coca
9:Ioan Chismorie:Ioan_chismorie
9:Filadelfia:Filadelfia
9:Simona Rusu:Simona_rusu
9:Ica Dragoi:Ica_dragoi
9:Rad Maria:Rad_maria
8:Nicu Cozma:Nicu_cozma
8:Nicu Rusu:Nicu_rusu
8:Oniță Halunga:Onita_halunga
8:William B.Bradbury:William_bbradbury
8:Daniel Dinescu:Daniel_dinescu
8:George L:George_l
8:Ana Haz:Ana_haz
8:Paradis:Paradis
8:Eugen Ruje:Eugen_ruje
8:Raluca şi Raul Ursan:Raluca_si_raul_ursan
8:Exodul:Exodul
8:Grupul Speranta:Grupul_speranta
8:Viorel Manolache:Viorel_manolache
8:Oltita Nistor:Oltita_nistor
8:Luiza Cotea:Luiza_cotea
8:Florin Modog:Florin_modog
8:Popescu Mihai (Neluș):Popescu_mihai_nelus
8:George C.Stebbins:George_cstebbins
8:Cornel Matei:Cornel_matei
8:Biserica Penticostala:Biserica_penticostala
7:Text: Fivii Furnea, Muzica: Adrian Toader:Text:_fivii_furnea_muzica:_adrian_toader
7:Ioan Timofte:Ioan_timofte
7:Laud:Laud
7:Dan Daraban:Dan_daraban
7:Tudor Oleniuc:Tudor_oleniuc
7:Emanuel Boca:Emanuel_boca
7:Andreea şi Andrei Mois:Andreea_si_andrei_mois
7:Miriam Popescu:Miriam_popescu
7:Narcisa Popa:Narcisa_popa
7:Credo:Credo
7:Mirel Pal:Mirel_pal
7:Hillsong Worship:Hillsong_worship
7:Coca Saroni:Coca_saroni
7:Nelu gabor:Nelu_gabor
7:Fratii Maftei:Fratii_maftei
7:Ira F. Stanphill:Ira_f_stanphill
7:David Lela:David_lela
7:Ligia Bodea.:Ligia_bodea
7:Monica Turtoi:Monica_turtoi
7:Dolores:Dolores
7:Florin Ștefan:Florin_stefan
7:Shalom:Shalom
7:Michael W. Smith:Michael_w_smith
7:Not an idol:Not_an_idol
7:Andreea Mois:Andreea_mois
7:Ligia Bodea:Ligia_bodea
7:Marian Zamfir:Marian_zamfir
7:Secret Garden:Secret_garden
6:Dănuţ Aşchilean:Danut_aschilean
6:Ruben Filoti:Ruben_filoti
6:Biji din Barbuleati:Biji_din_barbuleati
6:Diana Pup:Diana_pup
6:Andreea Avădanei:Andreea_avadanei
6:Profides:Profides
6:Adrian Cost:Adrian_cost
6:Mihail Cebotarev:Mihail_cebotarev
6:Cristian şi Cristiana Văduva:Cristian_si_cristiana_vaduva
6:Nihil sine Deo:Nihil_sine_deo
6:Ekklesia Arad:Ekklesia_arad
6:Casting Crowns:Casting_crowns
6:Beniamin Palincaș:Beniamin_palincas
6:John W. Peterson:John_w_peterson
6:Miriam Muntean:Miriam_muntean
6:George Lauric:George_lauric
6:Anca Ban:Anca_ban
6:Fratii din Bacesti:Fratii_din_bacesti
6:Mocan Miriam:Mocan_miriam
6:Flaviu Mitar:Flaviu_mitar
6:Natanael Neag:Natanael_neag
6:Chris Tomlin:Chris_tomlin
6:Lăcrămioara Asăndoaie:Lacramioara_asandoaie
6:Fraţii din Bărbuleşti:Fratii_din_barbulesti
6:Grup Saron:Grup_saron
6:Text și muzica: Ștefan Mihai:Text_si_muzica:_stefan_mihai
6:Dumitru Coroama:Dumitru_coroama
6:Andrei Tomuta:Andrei_tomuta
5:Marius Gorcea:Marius_gorcea
5:Cristian Dragomir:Cristian_dragomir
5:Contrast:Contrast
5:Agape:Agape
5:Eliza Pirosca:Eliza_pirosca
5:Raul Apăscăriţei:Raul_apascaritei
5:Daniel Hartie, Marta Bergheaua:Daniel_hartie_marta_bergheaua
5:Valentin Tomșa:Valentin_tomsa
5:Estera Florescu:Estera_florescu
5:Mariana Mesaroş:Mariana_mesaros
5:Bejenar Valentin:Bejenar_valentin
5:Utu Şuteu:Utu_suteu
5:Echipa GECMC:Echipa_gecmc
5:Familia Mihai:Familia_mihai
5:Philip P. Bliss:Philip_p_bliss
5:Selah:Selah
5:Fraţii Bălan:Fratii_balan
5:Ileana din Vâlcele:Ileana_din_valcele
5:Corul de copii "Bunul Păstor":Corul_de_copii_"bunul_pastor"
5:Corneliu Mirăuţi:Corneliu_mirauti
5:Daniel Cojocărescu:Daniel_cojocarescu
5:Silviu Ionatan Iovu:Silviu_ionatan_iovu
5:Andreea Olteanu:Andreea_olteanu
5:Text și muzică: Adrian Toader:Text_si_muzica:_adrian_toader
5:Vlad Bucur:Vlad_bucur
5:Emanuel Hasan:Emanuel_hasan
5:Naomi:Naomi
5:Marius Pop, Naomi Borota:Marius_pop_naomi_borota
5:Vasile şi Dani Bălan:Vasile_si_dani_balan
5:Damaris Cauneac:Damaris_cauneac
5:Marian Barbieru:Marian_barbieru
5:Ira D.Sankey:Ira_dsankey
5:Samuel Bratu:Samuel_bratu
5:Speranța_pentru_copii:Sperantapentrucopii
5:Betania Worship Dublin:Betania_worship_dublin
5:Câmpeanu Cezar:Campeanu_cezar
5:Marius Pop:Marius_pop
5:Florin Fill Bodnariuc:Florin_fill_bodnariuc
5:Adina Blaga:Adina_blaga
5:Elixirul iubirii:Elixirul_iubirii
5:Beniamin Pop:Beniamin_pop
5:Salomeea Stoica:Salomeea_stoica
5:William H.Doane:William_hdoane
5:Semnall:Semnall
5:Adi Kovaci:Adi_kovaci
5:Daniel Cazacu:Daniel_cazacu
5:Lidia Cîrlan și Puiu Chibici:Lidia_cirlan_si_puiu_chibici
5:Narcis Popa:Narcis_popa
5:Luiza Spiridon:Luiza_spiridon
5:Grupul Omega:Grupul_omega
4:Liviu Gacia:Liviu_gacia
4:Surorile Onofrei:Surorile_onofrei
4:adi petras:Adi_petras
4:Domini:Domini
4:Izbaș Svetlana:Izbas_svetlana
4:Sunny:Sunny
4:The Berci Sisters:The_berci_sisters
4:Daniel Ursachi:Daniel_ursachi
4:Adonai:Adonai
4:Erdei Erika:Erdei_erika
4:Sami Lupu:Sami_lupu
4:Diana Scridon:Diana_scridon
4:Cifra perfecta:Cifra_perfecta
4:Nelu Muresan:Nelu_muresan
4:Ezechiel Ani:Ezechiel_ani
4:Neli Todea:Neli_todea
4:Traian Dorz si Nicolae Moldoveanu:Traian_dorz_si_nicolae_moldoveanu
4:Betania Dublin:Betania_dublin
4:Ramona Vass:Ramona_vass
4:Tripon Beniamin:Tripon_beniamin
4:Reuben Morgan:Reuben_morgan
4:Simion Bolohan:Simion_bolohan
4:Mircea Ciugudeanu:Mircea_ciugudeanu
4:Angeli:Angeli
4:Grupul Harul:Grupul_harul
4:Stuart Townend:Stuart_townend
4:Rebeca Chiricioaei:Rebeca_chiricioaei
4:Vasile Micula:Vasile_micula
4:Quo Vadis:Quo_vadis
4:Lowell Mason:Lowell_mason
4:Text: Emilia Toader, Muzica: Adrian Toader:Text:_emilia_toader_muzica:_adrian_toader
4:Ruben Diaconu:Ruben_diaconu
4:Mitică Delibaş:Mitica_delibas
4:Naomi State:Naomi_state
4:Text: Costache Ioanid, Muzica: Corina Bazon:Text:_costache_ioanid_muzica:_corina_bazon
4:Bianca Cernisov:Bianca_cernisov
4:Harvest Arad:Harvest_arad
4:Irina Radiş:Irina_radis
4:Costache Ioanid si Nicolae Moldoveanu:Costache_ioanid_si_nicolae_moldoveanu
4:Fraţii Ignat:Fratii_ignat
4:Estela C. Manea:Estela_c_manea
4:Ciumarnean Romeo Gabriel:Ciumarnean_romeo_gabriel
4:Unity:Unity
4:Utilizator Halasu Claudiu:Utilizator_halasu_claudiu
4:Sanctus Pro Deo:Sanctus_pro_deo
4:Gabriel şi Genoveva Gorcea:Gabriel_si_genoveva_gorcea
4:Slauco de la Lugoj:Slauco_de_la_lugoj
4:Robert Lowry:Robert_lowry
4:David Hapurne:David_hapurne
4:Ion Țane Jachenau:Ion_tane_jachenau
4:Elim Harmony Band:Elim_harmony_band
4:Colind polonez:Colind_polonez
4:Adeline:Adeline
4:Text: Ionel Bazon, Muzica: Corine Petre:Text:_ionel_bazon_muzica:_corine_petre
4:Fraţii Fedur:Fratii_fedur
4:Sola Scriptura:Sola_scriptura
4:Gabi Iluţ şi Ligia Bodea:Gabi_ilut_si_ligia_bodea
4:Revers:Revers
4:Iovan Miclea:Iovan_miclea
4:Andrei C:Andrei_c
4:Petrișor Bodea:Petrisor_bodea
4:Pop Marilena:Pop_marilena
4:Adina și Paul Iliescu:Adina_si_paul_iliescu
4:Ilie Bândiul:Ilie_bandiul
4:Grupul Filadelfia:Grupul_filadelfia
4:Alin Jucu:Alin_jucu
4:Măslinu':Maslinu'
4:Born again:Born_again
3:Eugen Tifrea:Eugen_tifrea
3:Sorin și Daniela Piu:Sorin_si_daniela_piu
3:Metric:Metric
3:Matei Adalbert:Matei_adalbert
3:Grup Sion:Grup_sion
3:Grup Golgota:Grup_golgota
3:Ioana Teodoru:Ioana_teodoru
3:Fă o diferenţă:Fa_o_diferenta
3:Loredana Musteata:Loredana_musteata
3:Alin, Emima Timofte:Alin_emima_timofte
3:Dottie Rambo, Jimmie Davis:Dottie_rambo_jimmie_davis
3:Aurica Murasan:Aurica_murasan
3:Merişor:Merisor
3:cristi72:Cristi
3:Kurt Kaiser:Kurt_kaiser
3:Denis Costea:Denis_costea
3:Grupul Nathanael:Grupul_nathanael
3:Fratii Pit:Fratii_pit
3:Maria Cuc:Maria_cuc
3:Text: Victoriţa Ilie, Muzica: Adrian Toader:Text:_victorita_ilie_muzica:_adrian_toader
3:Rafael Mihai:Rafael_mihai
3:Charlie Landsborough:Charlie_landsborough
3:Lavinia Stan:Lavinia_stan
3:Lydia Lithell:Lydia_lithell
3:Len Magee:Len_magee
3:Alex Pamparau:Alex_pamparau
3:Familia Mandici:Familia_mandici
3:Aranjament Corneliu Radulescu:Aranjament_corneliu_radulescu
3:Saron:Saron
3:William J.Kirkpatrik:William_jkirkpatrik
3:John R. Sweney:John_r_sweney
3:Maranata (Oradea):Maranata_oradea
3:Revive:Revive
3:Ștefanie Berci:Stefanie_berci
3:Florin de la Targoviste:Florin_de_la_targoviste
3:Grupul Ava:Grupul_ava
3:Adrian Fodor:Adrian_fodor
3:Andreea Siminiuc:Andreea_siminiuc
3:Symona Rusu:Symona_rusu
3:SF3:Sf
3:Traian  Dorz:Traian_dorz
3:Eden Spania:Eden_spania
3:Dina Stan:Dina_stan
3:Impuls:Impuls
3:Grup Ierusalim:Grup_ierusalim
3:Isaac Watts:Isaac_watts
3:Remus Tămăşan:Remus_tamasan
3:Daniel Rozini:Daniel_rozini
3:Surorile Corpodean:Surorile_corpodean
3:Elvis din Barbulesti:Elvis_din_barbulesti
3:Neiconi Nutzy:Neiconi_nutzy
3:Alexandru Macedon:Alexandru_macedon
3:E.S.Lorenz:Eslorenz
3:Arman Ludovic:Arman_ludovic
3:CityAlight Music:Cityalight_music
3:Maria Balarie:Maria_balarie
3:Isaura Gheorghiu:Isaura_gheorghiu
3:Tania Pintilie:Tania_pintilie
3:Grup Eden:Grup_eden
3:Liviu Bocaneală:Liviu_bocaneala
3:Nelu Mot:Nelu_mot
3:George Ciurdas:George_ciurdas
3:Marian din Barbulesti:Marian_din_barbulesti
3:Alex Feurdean:Alex_feurdean
3:Maria Someşan:Maria_somesan
3:Charles H. Gabriel:Charles_h_gabriel
3:Alexandra Azamfirei:Alexandra_azamfirei
3:Ahava:Ahava
3:Mia Iovin:Mia_iovin
3:Nicu Puscau:Nicu_puscau
3:Bulzan Marian Gigel:Bulzan_marian_gigel
3:Adi Lup:Adi_lup
3:Fratii Holbatu:Fratii_holbatu
3:Ivan Bogdan:Ivan_bogdan
3:Kari Jobe:Kari_jobe
3:Tiron Adriana:Tiron_adriana
3:Alina Havrisciuc:Alina_havrisciuc
3:Sunny Tranca, Filadelfia:Sunny_tranca_filadelfia
3:Grup Alfa:Grup_alfa
3:Valentin Ilisoi:Valentin_ilisoi
3:Fratii de la Toflea:Fratii_de_la_toflea
3:Stefan Ciobanu:Stefan_ciobanu
3:Luminița Tomuța:Luminita_tomuta
3:Ramona Condor:Ramona_condor
3:Laurie Klein:Laurie_klein
3:Siri Stefureac:Siri_stefureac
3:Fraţii Ursan:Fratii_ursan
3:Rebeca Ghica:Rebeca_ghica
3:E.Gebhardt:Egebhardt
3:Dionisie Petrean:Dionisie_petrean
3:Jubilate:Jubilate
3:Lavinia Stelian:Lavinia_stelian
3:Gabriel Buzguta:Gabriel_buzguta
3:Nicu Drăghici:Nicu_draghici
3:Kevin Kocsis:Kevin_kocsis
3:Ionică Beniamin:Ionica_beniamin
3:Denis Ceasar:Denis_ceasar
3:Ionica si Adriana Stoica:Ionica_si_adriana_stoica
3:Charles B. Wycuff:Charles_b_wycuff
3:Anca Suli:Anca_suli
3:W.H.Doane:Whdoane
3:Oastea Domnului:Oastea_domnului
3:Avalon:Avalon
3:Biserica Betania Dublin:Biserica_betania_dublin
3:Ovidiu Berghean:Ovidiu_berghean
3:Darius, Dennis:Darius_dennis
3:Lauren Daigle:Lauren_daigle
3:Surorile Ciui:Surorile_ciui
3:Alina Malinovschi Havrisciuc:Alina_malinovschi_havrisciuc
3:Brooke, Scott Ligertwood:Brooke_scott_ligertwood
3:Iacob Petrașcu:Iacob_petrascu
3:Florin Dumitru:Florin_dumitru
2:David Știrb:David_stirb
2:Laura Stoica:Laura_stoica
2:Armonix:Armonix
2:Traian Neculai:Traian_neculai
2:Bianca Grab:Bianca_grab
2:Ligia Todea:Ligia_todea
2:Fratii Stoica:Fratii_stoica
2:Tony Ricardo:Tony_ricardo
2:Toni Berbece (tradusa):Toni_berbece_tradusa
2:Familia Stoica:Familia_stoica
2:Carroll Roberson:Carroll_roberson
2:Emilia Silaghi:Emilia_silaghi
2:Vasile Al.Talos:Vasile_altalos
2:Text și muzica: Adrian Galiger:Text_si_muzica:_adrian_galiger
2:Familia Demian:Familia_demian
2:Adi, Florentina Galiger:Adi_florentina_galiger
2:Binecuvântare:Binecuvantare
2:Emanuel Piroșcă:Emanuel_pirosca
2:Del Way:Del_way
2:Laudate Dominum:Laudate_dominum
2:Iuliana Anitei:Iuliana_anitei
2:Corul Bisericii Betleem Londra:Corul_bisericii_betleem_londra
2:Beniamin Buble:Beniamin_buble
2:Lidia Farcaş:Lidia_farcas
2:Hristic:Hristic
2:Bianca Alexa:Bianca_alexa
2:Ken Medema:Ken_medema
2:I.Aleman:Ialeman
2:Lavinia Leş:Lavinia_les
2:Biji din Barbulesti, Rafi:Biji_din_barbulesti_rafi
2:Poarta Cerului:Poarta_cerului
2:Edmund S.Lorenz:Edmund_slorenz
2:gloria:Gloria
2:Daniela Beres:Daniela_beres
2:Cornel Cuibus:Cornel_cuibus
2:Samuel din Tandarei:Samuel_din_tandarei
2:Achim Cristian:Achim_cristian
2:Gloria and William J. Gaither:Gloria_and_william_j_gaither
2:Alin Gârlea:Alin_garlea
2:Fitilul si chibritul:Fitilul_si_chibritul
2:Advent Quartet:Advent_quartet
2:Simina Palincas:Simina_palincas
2:Grup Hristic:Grup_hristic
2:Ierusalim:Ierusalim
2:Ana Rut Oniga:Ana_rut_oniga
2:Dorin, Oana Gurău:Dorin_oana_gurau
2:Philadelphia Band:Philadelphia_band
2:Daniel Ardelean:Daniel_ardelean
2:Titel Băruța:Titel_baruta
2:Andrei Rosu:Andrei_rosu
2:Daniela Haidaciuc Guțu:Daniela_haidaciuc_gutu
2:Sorin Pop:Sorin_pop
2:Bbso Baia Mare:Bbso_baia_mare
2:Marius Gorcea, Dan Muncaciu:Marius_gorcea_dan_muncaciu
2:Emanuel Iancu:Emanuel_iancu
2:Grupul Hava Maranatha:Grupul_hava_maranatha
2:Rebeca Buga:Rebeca_buga
2:Traian Dorz, Claudiu Simion(refrenul):Traian_dorz_claudiu_simionrefrenul
2:Iulia Zaha:Iulia_zaha
2:Claudia Gavris:Claudia_gavris
2:Paul Catuna, Croitor:Paul_catuna_croitor
2:Liviu, Nelly:Liviu_nelly
2:Petra:Petra
2:Dragoș Andreșesc:Dragos_andresesc
2:Bill and Gloria Gaither:Bill_and_gloria_gaither
2:Text și muzica: Liviu Toma:Text_si_muzica:_liviu_toma
2:Charles D. Tillman:Charles_d_tillman
2:Raze de lumina:Raze_de_lumina
2:Gabi Lunca:Gabi_lunca
2:Coțan Corneliu:Cotan_corneliu
2:Mili din Barbulesti:Mili_din_barbulesti
2:Traducere Ted Doru Pope:Traducere_ted_doru_pope
2:Costel Constandache:Costel_constandache
2:Andreea Dascalescu:Andreea_dascalescu
2:Contrast, 3, 2, 1:Contrast
2:Geness:Geness
2:Depealtaplaneta:Depealtaplaneta
2:Debora Arman:Debora_arman
2:Frații Paiu:Fratii_paiu
2:H.C.MARGARETA:Hcmargareta
2:Ralph Carmichael:Ralph_carmichael
2:F.G.Wetzel:Fgwetzel
2:Phoebe P.Knapp:Phoebe_pknapp
2:RoKa:Roka
2:Peter P.Bilhorn:Peter_pbilhorn
2:Daniela, Vitaly Haidaciuc Gutu:Daniela_vitaly_haidaciuc_gutu
2:James McGranahan:James_mcgranahan
2:Grupul Gosen Timisoara:Grupul_gosen_timisoara
2:Ionut Pop:Ionut_pop
2:Viorel Tăpârdău:Viorel_tapardau
2:Geta Lazăr:Geta_lazar
2:Dan Miclea.:Dan_miclea
2:Alex Hosu:Alex_hosu
2:Oni Rodilă, Alina Paneșiu:Oni_rodila_alina_panesiu
2:Familia Timofte:Familia_timofte
2:Tradus din limba Rusă.Vadim Pomotaru:Tradus_din_limba_rusavadim_pomotaru
2:Ionel Coneac:Ionel_coneac
2:Thoro Harris:Thoro_harris
2:Cornel Stan, Necunoscut:Cornel_stan_necunoscut
2:Hasmasan Gavril:Hasmasan_gavril
2:Ruben şi Beatrice Filoti:Ruben_si_beatrice_filoti
2:Elohim Worship:Elohim_worship
2:Daniel Bolohan:Daniel_bolohan
2:Shema:Shema
2:Tommy Walker:Tommy_walker
2:Cor tineret Poarta Cerului:Cor_tineret_poarta_cerului
2:Dani Ardelean:Dani_ardelean
2:Unknown author:Unknown_author
2:Graham Kendrick:Graham_kendrick
2:Oscar Ahnfelt:Oscar_ahnfelt
2:Wolfgang A.Mozart:Wolfgang_amozart
2:Tabita Ianc:Tabita_ianc
2:Larisa Pauliuc:Larisa_pauliuc
2:John Hatton:John_hatton
2:Melchior Teschner:Melchior_teschner
2:Cristina Chiriac:Cristina_chiriac
2:Ciornei Daniel:Ciornei_daniel
2:Camelia Timiș:Camelia_timis
2:Andrei si Andreea Mois:Andrei_si_andreea_mois
2:Elisha A. Hoffman:Elisha_a_hoffman
2:Text Traian Dorz, muzica Sebastian Mistreanu:Text_traian_dorz_muzica_sebastian_mistreanu
2:Elim:Elim
2:Ioan Panican:Ioan_panican
2:Daniel Popescu:Daniel_popescu
2:Andreea Dascalescu, Corneliu Matei:Andreea_dascalescu_corneliu_matei
2:V.O. Stamps:Vo_stamps
2:Agnes şi Andreina:Agnes_si_andreina
2:Andi Rozier:Andi_rozier
2:Lewis E.Jones:Lewis_ejones
2:Franz Schubert:Franz_schubert
2:Ana Maria Mirăuți:Ana_maria_mirauti
2:Biruinţa:Biruinta
2:Corul Maranata, Roma:Corul_maranata_roma
2:Gavris Marius:Gavris_marius
2:Nelu Surd:Nelu_surd
2:Hristos pentru România:Hristos_pentru_romania
2:Samuel Reman:Samuel_reman
2:Otniel Strâmbu:Otniel_strambu
2:Aranj.Corneliu Radulescu:Aranjcorneliu_radulescu
2:Text: Traian Dorsz, Muzica: Adrian Toader:Text:_traian_dorsz_muzica:_adrian_toader
2:Grup Betleem:Grup_betleem
2:T.C.Adorian:Tcadorian
2:William G.Fischer:William_gfischer
2:Calinut Gheorghe:Calinut_gheorghe
2:Exodus:Exodus
2:Nelu Tomsa:Nelu_tomsa
2:Florin Pal, Studio Fratii Pal:Florin_pal_studio_fratii_pal
2:Aaron Shust (Traducere, RO):Aaron_shust_traducere_ro
2:S.M.C:Smc
2:Sunny Tranca, Adina Tranca:Sunny_tranca_adina_tranca
2:Mircea:Mircea
2:Fundatia Jubilate:Fundatia_jubilate
2:Utilizator LacryO:Utilizator_lacryo
2:revizuit:Revizuit
2:Nicu Zolezsak:Nicu_zolezsak
2:Vasile Oprea:Vasile_oprea
2:Laurentiu Tudorache:Laurentiu_tudorache
2:Vasilică Moisescu:Vasilica_moisescu
2:Dottie Rambo:Dottie_rambo
2:Cornel Dărăban:Cornel_daraban
2:Jean Staneschi:Jean_staneschi
2:Teofil Palincas:Teofil_palincas
2:Eva Mance:Eva_mance
2:HY Choir:Hy_choir
2:Alin, Florina Jivan:Alin_florina_jivan
2:Lidia Cârlan și Puiu Chibici:Lidia_carlan_si_puiu_chibici
2:Peniel Band:Peniel_band
2:Adi Hentea:Adi_hentea
2:Daniel Stauceanu:Daniel_stauceanu
2:Larisa Silaghi:Larisa_silaghi
2:Andrei Fedur:Andrei_fedur
2:Kristyn Getty:Kristyn_getty
2:Charity Gayle:Charity_gayle
2:Andreea Cruceanu:Andreea_cruceanu
2:Cătălin Necșa:Catalin_necsa
2:Grup Părtășia:Grup_partasia
2:Ava:Ava
2:Text: Eliza Furnea, Muzica: Adrian Toader:Text:_eliza_furnea_muzica:_adrian_toader
2:Grupul Ekklesia:Grupul_ekklesia
2:Fratii Piu:Fratii_piu
2:Gabi Gorcea şi prietenii:Gabi_gorcea_si_prietenii
2:Lidia Cîrlan:Lidia_cirlan
2:Nelu Andreşoi:Nelu_andresoi
2:Familia Maftei:Familia_maftei
2:Cristian Ungur:Cristian_ungur
2:Denisa Birle:Denisa_birle
2:Alin Timofte, Damaris Bozdoghina:Alin_timofte_damaris_bozdoghina
2:Tait:Tait
2:Ioana Teodoru, David Preuteasa:Ioana_teodoru_david_preuteasa
2:Grupul Paradis:Grupul_paradis
2:Franciuc Adelin:Franciuc_adelin
2:Nicoleta Adascălului:Nicoleta_adascalului
2:Donnie McClarkin:Donnie_mcclarkin
2:Bethel:Bethel
2:Elena Gorcea:Elena_gorcea
2:Sara Lupchian:Sara_lupchian
2:Ligia_Bodea:Ligiabodea
2:Lupşea George:Lupsea_george
2:Marijohn Wilkin:Marijohn_wilkin
2:Petru Braila:Petru_braila
2:IHOP, TM:Ihop_tm
2:Ilie Mandici:Ilie_mandici
2:Dumitru Cornilescu:Dumitru_cornilescu
2:Apascaritei Raul și Ciobanu Ghedo:Apascaritei_raul_si_ciobanu_ghedo
2:Mircea Berci:Mircea_berci
2:Eliazar Pripon:Eliazar_pripon
2:Andrei Ursaciuc:Andrei_ursaciuc
2:Fraţii Cătălin:Fratii_catalin
2:Naomi Borota:Naomi_borota
2:Fratii de la Onesti:Fratii_de_la_onesti
2:The Messangers:The_messangers
2:Phil Cross:Phil_cross
2:Andreea, Alex Deac:Andreea_alex_deac
2:Gordon Jensen:Gordon_jensen
2:UniDEO:Unideo
2:Cristos pentru Romania:Cristos_pentru_romania
2:Diana Baciu:Diana_baciu
2:Ralph E. Hudson:Ralph_e_hudson
2:Newsboys:Newsboys
2:Grupul Nadejdea, Lavinia Șipoș:Grupul_nadejdea_lavinia_sipos
2:Magda Popescu ( Grupul Evangelion ):Magda_popescu_grupul_evangelion
2:LuminaLumii Worship:Luminalumii_worship
2:Alexandra Luca:Alexandra_luca
2:Harfa Imnurile harului:Harfa_imnurile_harului
2:Simona Bahnaru:Simona_bahnaru
2:Rhema Marvanne:Rhema_marvanne
2:Friedrich Spee:Friedrich_spee
2:Floria Simon Maria:Floria_simon_maria
2:F.Venter:Fventer
2:Memi Sigartău:Memi_sigartau
2:Acustic:Acustic
2:Jermendy S. Daniel:Jermendy_s_daniel
2:Katherine K. Davis:Katherine_k_davis
2:Grupul Eden:Grupul_eden
2:Marcela Gorcea Damsa:Marcela_gorcea_damsa
2:Ștefan Irimia:Stefan_irimia
2:Dănuț Ursachi:Danut_ursachi
2:Genesse:Genesse
2:Ted Doru Pope:Ted_doru_pope
2:Jim Hill:Jim_hill
2:Andrei, Luminița Tomuța:Andrei_luminita_tomuta
2:Ionica Adrian:Ionica_adrian
2:Compozitor: Corneliu Matei:Compozitor:_corneliu_matei
2:Crăciun Tira:Craciun_tira
2:Denis Laurenciuc:Denis_laurenciuc
2:Mihai Traista:Mihai_traista
2:Mesagerii Iubirii:Mesagerii_iubirii
2:Valentin Popovici:Valentin_popovici
2:Andrei, Andreea Mois:Andrei_andreea_mois
2:Evanghelic:Evanghelic
2:Debora Wenger:Debora_wenger
2:John W.Peterson:John_wpeterson
2:Flaviu Mitar, Adi Tise:Flaviu_mitar_adi_tise
2:Bahrin Alexandru:Bahrin_alexandru
2:Șerb Dorina:Serb_dorina
2:J.Calvin Bushey:Jcalvin_bushey
2:Charles H.Gabriel:Charles_hgabriel
2:Ciprian Holbatu:Ciprian_holbatu
2:Lidia Pleşca:Lidia_plesca
2:Ira D. San, key:Ira_d_san_key
2:Asa B. Everett:Asa_b_everett
2:Lucica Toader:Lucica_toader
2:Grupul Emanuel Canada:Grupul_emanuel_canada
2:Silas J.Vail:Silas_jvail
2:Grupul Efrata:Grupul_efrata
2:Richard S.Willis:Richard_swillis
2:Mihaela Oancea:Mihaela_oancea
2:Darlene Zschech:Darlene_zschech
2:Text și muzica: Mihai Popescu:Text_si_muzica:_mihai_popescu
2:Gabriela Palincas:Gabriela_palincas
2:Colind din Franţa:Colind_din_franta
2:Stefanie Berci Chis:Stefanie_berci_chis
2:BBSO(adaptare după The Brooklyn Tabernacle Choir):Bbsoadaptare_dupa_the_brooklyn_tabernacle_choir
2:Band si Orchestra Nationala BBSO:Band_si_orchestra_nationala_bbso
2:Iudita Strugariu, Daniela Haidaciuc (Guțu):Iudita_strugariu_daniela_haidaciuc_gutu
2:Grupul Eliezer:Grupul_eliezer
2:Aldine S. Kieffer, Benjamin C. Unseld:Aldine_s_kieffer_benjamin_c_unseld
2:Emaus:Emaus
2:Baylus B. McKinney:Baylus_b_mckinney
1:Steven Furtick, Brandon Lake, Tiffany Hammer:Steven_furtick_brandon_lake_tiffany_hammer
1:New Wine:New_wine
1:Bill, Gloria Gaither:Bill_gloria_gaither
1:ekklessia:Ekklessia
1:Zach Williams, Dolly Parton:Zach_williams_dolly_parton
1:Daniel Sindilar:Daniel_sindilar
1:Vasile Mihai:Vasile_mihai
1:DeGarmo, Key Band:Degarmo_key_band
1:VOX DEI:Vox_dei
1:Jessica, Noah Pavel:Jessica_noah_pavel
1:Adrian Toader:Adrian_toader
1:grup ava:Grup_ava
1:Fam Petrașcu:Fam_petrascu
1:Dorel Filoti:Dorel_filoti
1:Elena Istrate:Elena_istrate
1:Imnurile Bucuriei:Imnurile_bucuriei
1:Mihai Popescu:Mihai_popescu
1:Mary Dana Shindler:Mary_dana_shindler
1:Andrae Crouch:Andrae_crouch
1:Solovăstru Claudia:Solovastru_claudia
1:Filoti Dorel:Filoti_dorel
1:Florica Neagoe:Florica_neagoe
1:Dorel Pantea:Dorel_pantea
1:CeCe Winans:Cece_winans
1:Levit:Levit
1:Lenny LeBlanc:Lenny_leblanc
1:ed. Dan Istrate, v.3:Ed_dan_istrate_v
1:Felicia Damian:Felicia_damian
1:Hans G.Nageli:Hans_gnageli
1:J.R.Sweney:Jrsweney
1:William Hunter, James D. Vaughan:William_hunter_james_d_vaughan
1:Jean Sibelius și Victoria Gater:Jean_sibelius_si_victoria_gater
1:Ike Davis, Ray E. Heady:Ike_davis_ray_e_heady
1:Grupul Continental:Grupul_continental
1:Nelu Harap:Nelu_harap
1:Text: Ioan Giura, Muzica: Corina Petre:Text:_ioan_giura_muzica:_corina_petre
1:Genovieva Sfatcu, Beattie:Genovieva_sfatcu_beattie
1:Iasmina Severa:Iasmina_severa
1:SF3, David Prunean:Sf_david_prunean
1:Otto si Dana Pascal:Otto_si_dana_pascal
1:punctRO:Punctro
1:Mihai Olaru:Mihai_olaru
1:Teo Pălincaş:Teo_palincas
1:Debora Moțac:Debora_motac
1:Joseph Barnby:Joseph_barnby
1:Adoniram J.Gordon:Adoniram_jgordon
1:Phoebe Cary, Philip Phillips:Phoebe_cary_philip_phillips
1:Marian Marcus:Marian_marcus
1:Alexandra Prelipcean:Alexandra_prelipcean
1:Vera Bogdan:Vera_bogdan
1:Vertical Worship:Vertical_worship
1:Wiliiam J. Kirkpatrik:Wiliiam_j_kirkpatrik
1:Jesus Culture:Jesus_culture
1:Crowder:Crowder
1:Steve Fee:Steve_fee
1:Tree63:Tree
1:Cristian Hartie:Cristian_hartie
1:Maria Braghidin:Maria_braghidin
1:Alex din Mizil, Aram Duduveica:Alex_din_mizil_aram_duduveica
1:S.C.Foster:Scfoster
1:Daniel Spoiala:Daniel_spoiala
1:Gheorghe Lidia:Gheorghe_lidia
1:Clay McLean:Clay_mclean
1:Valentin Bejenar:Valentin_bejenar
1:Carol from Tirol:Carol_from_tirol
1:Wilhelm Hey, Friedrich Silcher:Wilhelm_hey_friedrich_silcher
1:Daniela si Darius Bogdan:Daniela_si_darius_bogdan
1:Monica Turtoi, cântată de Amalia Decean:Monica_turtoi_cantata_de_amalia_decean
1:Lincoln Brewster:Lincoln_brewster
1:Mihai Dragomir:Mihai_dragomir
1:Timothy C. Santinga:Timothy_c_santinga
1:Keith Getty, Kristyn Getty:Keith_getty_kristyn_getty
1:Ema si Cristi Repede:Ema_si_cristi_repede
1:Adriana Muntean:Adriana_muntean
1:Lumină şi desăvârşire:Lumina_si_desavarsire
1:Dianei Stoian:Dianei_stoian
1:Daniela și Vitaly H. Gutu:Daniela_si_vitaly_h_gutu
1:John B.Dykes:John_bdykes
1:Elena Delcea Bilstrup:Elena_delcea_bilstrup
1:Cristina Toma:Cristina_toma
1:Colind flamand (Belgia, Olanda):Colind_flamand_belgia_olanda
1:Ernst Gebhardt:Ernst_gebhardt
1:Beni Lazau:Beni_lazau
1:Victor Rauca:Victor_rauca
1:Grup coral Cluj, Napoca:Grup_coral_cluj_napoca
1:Daniel şi Emilia Husar:Daniel_si_emilia_husar
1:Cojocariu Josua:Cojocariu_josua
1:Persida şi Lidia:Persida_si_lidia
1:Aurel Ardeu:Aurel_ardeu
1:Voicu Daniel:Voicu_daniel
1:Emanuel Hasan și Ludovic Arman:Emanuel_hasan_si_ludovic_arman
1:Emanuel Andronesi:Emanuel_andronesi
1:Familia Fira:Familia_fira
1:Dimitri S.Bortnianski:Dimitri_sbortnianski
1:Alex (C):Alex_c
1:Genovieva Sfatcu Beattie:Genovieva_sfatcu_beattie
1:F. Mendelssohn:F_mendelssohn
1:AC, RAN:Ac_ran
1:Ionut si Adela Craciun:Ionut_si_adela_craciun
1:Geistliche Lieder, Leipzig 1539:Geistliche_lieder_leipzig
1:Gabriela Țucu:Gabriela_tucu
1:Noël Nouvelet:No"el_nouvelet
1:Ionut Luncan:Ionut_luncan
1:Jeanie Vee Alcorn:Jeanie_vee_alcorn
1:Fraţii Cazacu:Fratii_cazacu
1:N. Stein:N_stein
1:Nu cunosc autorul:Nu_cunosc_autorul
1:Alina Cristache:Alina_cristache
1:Ruah:Ruah
1:Familia Jula:Familia_jula
1:Norbert Kissel:Norbert_kissel
1:Rătăcean Emanuel:Ratacean_emanuel
1:William G.Tomer:William_gtomer
1:Camelia Pintilie:Camelia_pintilie
1:Teo:Teo
1:Octavian Luncan:Octavian_luncan
1:Alina Macarie:Alina_macarie
1:Fanny J. Crosby:Fanny_j_crosby
1:George Lupsea and Beni Moldovan:George_lupsea_and_beni_moldovan
1:El, Shaddai Worship:El_shaddai_worship
1:Georg F. Händel:Georg_f_h"andel
1:Iosif Misu:Iosif_misu
1:Nicoleta Grecea:Nicoleta_grecea
1:Cătălin Matei:Catalin_matei
1:Horatio W. Parker:Horatio_w_parker
1:David Fellingham:David_fellingham
1:Robert E. Mason:Robert_e_mason
1:George A.Minor:George_aminor
1:Ioan Giura:Ioan_giura
1:William C. Dix:William_c_dix
1:Daniel Negrea:Daniel_negrea
1:Abigail Colesniuc:Abigail_colesniuc
1:J. MacGranaham:J_macgranaham
1:James Mountain:James_mountain
1:Amadeo:Amadeo
1:Joseph P.Webster:Joseph_pwebster
1:Bethel Music, Dante Bowe:Bethel_music_dante_bowe
1:Marius si Fernando de la Bărbulești:Marius_si_fernando_de_la_barbulesti
1:Dani Cîmpean:Dani_cimpean
1:Hava Maranatha:Hava_maranatha
1:Fratele Vasile Hozan:Fratele_vasile_hozan
1:C.Austin Miles:Caustin_miles
1:Text: Cǎtǎlina Ene, Muzica: UB40:Text:_ctlina_ene_muzica:_ub
1:Ştefan Magnus:Stefan_magnus
1:M.Teschner:Mteschner
1:Sile Lăzăreanu:Sile_lazareanu
1:Lidia Anca:Lidia_anca
1:J.W. Peterson:Jw_peterson
1:Rich Mullins:Rich_mullins
1:Horatio G. Spafford:Horatio_g_spafford
1:Text si muzica: Doru Gîrboan:Text_si_muzica:_doru_girboan
1:Martin Hay:Martin_hay
1:Daniel Piu:Daniel_piu
1:Dorin Miron:Dorin_miron
1:N.P.:Np
1:Valer Bogdan:Valer_bogdan
1:Mattie O'Neal, Jim Reeves:Mattie_o'neal_jim_reeves
1:Cantassimo, Celest Harmony:Cantassimo_celest_harmony
1:Lidia Cirlan, Puiu Chibici:Lidia_cirlan_puiu_chibici
1:Audrey Mieir:Audrey_mieir
1:Bogdan Pertea:Bogdan_pertea
1:Cosmin Meran:Cosmin_meran
1:Ibanescu Marcel, Zdremtan Daniel, Sterciuc Cornel:Ibanescu_marcel_zdremtan_daniel_sterciuc_cornel
1:Emanuel Sava:Emanuel_sava
1:Grupul Geness:Grupul_geness
1:Felix Medelsohn Bartholdy:Felix_medelsohn_bartholdy
1:Ghe. Zoltan:Ghe_zoltan
1:Mark Altrogge:Mark_altrogge
1:Paul McClure, Hannah McClure:Paul_mcclure_hannah_mcclure
1:Cornel, Lidia Crisan:Cornel_lidia_crisan
1:John Willard Peterson:John_willard_peterson
1:Corina Moldovan:Corina_moldovan
1:Fineas Carbune:Fineas_carbune
1:Casa Tamplarului:Casa_tamplarului
1:Argument:Argument
1:Doris şi Eunice:Doris_si_eunice
1:Simon Khorolskiy:Simon_khorolskiy
1:James D. Vaughan:James_d_vaughan
1:Ana Florea:Ana_florea
1:Betty Manta, Daniel Shalgau:Betty_manta_daniel_shalgau
1:Marius Lela:Marius_lela
1:Charles C.Converse:Charles_cconverse
1:Ştefan Irimie:Stefan_irimie
1:Bethel Music:Bethel_music
1:Ovidiu si Simida Girboan:Ovidiu_si_simida_girboan
1:Scutelnic Elisei:Scutelnic_elisei
1:Ramona Onufrei:Ramona_onufrei
1:Ștefan Petre feat. Monica Gheran:Stefan_petre_feat_monica_gheran
1:Ben Fielding, Brooke Ligertwood:Ben_fielding_brooke_ligertwood
1:Grupul Victoria:Grupul_victoria
1:Grup Victoria:Grup_victoria
1:Thomas Kelly:Thomas_kelly
1:Corneliu Matei(adaptare după Jonny Robinson, Rich Thompson, Michael Farren):Corneliu_mateiadaptare_dupa_jonny_robinson_rich_thompson_michael_farren
1:Jonny Robinson, Rich Thompson, Michael Farren:Jonny_robinson_rich_thompson_michael_farren
1:Albert B. Simpson:Albert_b_simpson
1:Marian Fedur:Marian_fedur
1:Arman Ludovic, Speranţa şi prietenii:Arman_ludovic_speranta_si_prietenii
1:Isaura Dinca ( Isaura Gheorgiu):Isaura_dinca_isaura_gheorgiu
1:Rusu Nicolae:Rusu_nicolae
1:Bethania's:Bethania's
1:Naomi Borota (adaptare după Jason Ingram, Leslie Jordan, David Leonard):Naomi_borota_adaptare_dupa_jason_ingram_leslie_jordan_david_leonard
1:Grup Emanuel:Grup_emanuel
1:Iemima Anton:Iemima_anton
1:Eldad (Vlad Bucur):Eldad_vlad_bucur
1:Costache Ioanid, Otto Pascal:Costache_ioanid_otto_pascal
1:Mrs.C.H.Morris:Mrschmorris
1:Audrei Mieir:Audrei_mieir
1:Maria Luca:Maria_luca
1:William Gardiner:William_gardiner
1:Kurt Brüggemann, Adaptare RO:Kurt_br"uggemann_adaptare_ro
1:Logos Praise:Logos_praise
1:Thomas Hastings:Thomas_hastings
1:Millie Lou Pace:Millie_lou_pace
1:O.Mitenski:Omitenski
1:Strattner:Strattner
1:George F. Root:George_f_root
1:Noel, Tricia Richards:Noel_tricia_richards
1:O. A. Lambert:O_a_lambert
1:Text și muzica: Alexandru Groza:Text_si_muzica:_alexandru_groza
1:Martin Luther:Martin_luther
1:Aaron Shust, Paul Baloche:Aaron_shust_paul_baloche
1:Jenny Lou Carson:Jenny_lou_carson
1:Creation House:Creation_house
1:Creation House, Sergiu Drăgoi, Fiona Bocșa:Creation_house_sergiu_dragoi_fiona_bocsa
1:Sorina Ureche:Sorina_ureche
1:Raţiu Fanuel:Ratiu_fanuel
1:Diana Scridon, Ovidiu Opris:Diana_scridon_ovidiu_opris
1:Lavinia Găitan:Lavinia_gaitan
1:G.Brattle:Gbrattle
1:Carl G.Glaser:Carl_gglaser
1:Severus Gaetorius:Severus_gaetorius
1:DUHUL SFANT:Duhul_sfant
1:Gary McSpadden, Greg Nelson:Gary_mcspadden_greg_nelson
1:Anton Varga:Anton_varga
1:Augustin Vlad:Augustin_vlad
1:Ciurdas Camelia:Ciurdas_camelia
1:Die Ostracher Liederhandschrift:Die_ostracher_liederhandschrift
1:Jimmie Davis:Jimmie_davis
1:Oana Seman:Oana_seman
1:Darius Stanca:Darius_stanca
1:Ann Ballard:Ann_ballard
1:Johnny Gimble:Johnny_gimble
1:Marion W. Easterling:Marion_w_easterling
1:Christkinds Wiegenlied:Christkinds_wiegenlied
1:Karl Gottlieb Hering:Karl_gottlieb_hering
1:Paul Rader:Paul_rader
1:Irina Halaida:Irina_halaida
1:Aranjament W.J.Kirkpatrick:Aranjament_wjkirkpatrick
1:Milenium:Milenium
1:Iurescu Iulian:Iurescu_iulian
1:Tracy Dartt:Tracy_dartt
1:Margaretha Adriana Alt:Margaretha_adriana_alt
1:L.D. Huffstutler:Ld_huffstutler
1:Tani Barna:Tani_barna
1:Benoni Catană:Benoni_catana
1:Costache Ioanid și Saron:Costache_ioanid_si_saron
1:David Wagner:David_wagner
1:Knowles Shaw:Knowles_shaw
1:Geoge F.Handel:Geoge_fhandel
1:Colind italian:Colind_italian
1:Stelica Strugariu:Stelica_strugariu
1:grup evanghelizare:Grup_evanghelizare
1:Andreea Asofroniei:Andreea_asofroniei
1:Alfred B. Smith:Alfred_b_smith
1:Larry Russell, Inez James, Buddy Pepper:Larry_russell_inez_james_buddy_pepper
1:Reinhard Börner:Reinhard_b"orner
1:In Dulci Jubilo:In_dulci_jubilo
1:Emma Repede, Speranța:Emma_repede_speranta
1:Camelia Horbaniuc:Camelia_horbaniuc
1:Camelia:Camelia
1:Samy din Resita si David Gogonea:Samy_din_resita_si_david_gogonea
1:Cosmin Avram:Cosmin_avram
1:Maruneac Laur:Maruneac_laur
1:Fratii Mocanu:Fratii_mocanu
1:Bălănesc Călina Alina:Balanesc_calina_alina
1:Maty si Daria:Maty_si_daria
1:Kenneth Morris:Kenneth_morris
1:Tabita Prială:Tabita_priala
1:Anna Olander:Anna_olander
1:Izbaș  Svetlana:Izbas_svetlana
1:Florin Ciulin:Florin_ciulin
1:Rusty Goodman:Rusty_goodman
1:Betuel:Betuel
1:Cristian Cazacu:Cristian_cazacu
1:Diana şi Andreea:Diana_si_andreea
1:Simida şi Dina:Simida_si_dina
1:Dani Popescu:Dani_popescu
1:Menorah:Menorah
1:Paul Spoiala:Paul_spoiala
1:Razvan si Amalia:Razvan_si_amalia
1:Nick Casciaro (v: Marius Alexandru):Nick_casciaro_v:_marius_alexandru
1:Gabi Zagrean:Gabi_zagrean
1:Tabita Păun:Tabita_paun
1:Grup Melos:Grup_melos
1:John J.Husband:John_jhusband
1:Howard E.Smith:Howard_esmith
1:Muzica: Alin Timofte   Versuri: Alin Craciunean:Muzica:_alin_timofte_versuri:_alin_craciunean
1:Cântările Evangheliei:Cantarile_evangheliei
1:CP:Cp
1:Valentin Popovici și Sorin Titean:Valentin_popovici_si_sorin_titean
1:North Point InsideOut:North_point_insideout
1:James R.Murray:James_rmurray
1:Andrei Mureșanu:Andrei_muresanu
1:Abiel:Abiel
1:Solvei Annette Larsen:Solvei_annette_larsen
1:Iuliana_Leontiuc:Iulianaleontiuc
1:J.W.Van de Venter:Jwvan_de_venter
1:Colind din Ungaria:Colind_din_ungaria
1:Melodie Evreiasca:Melodie_evreiasca
1:Mitel Dumbra:Mitel_dumbra
1:William Cowper:William_cowper
1:Andrew L. Skoog:Andrew_l_skoog
1:M, Kidz:M_kidz
1:Reginald Heber, Jean Ritchie:Reginald_heber_jean_ritchie
1:Andrei Gherman:Andrei_gherman
1:Claudius şi Aurelian:Claudius_si_aurelian
1:B.Mansel Ramsey:Bmansel_ramsey
1:Denisa Birle(adaptare după Alex Lacamoire):Denisa_birleadaptare_dupa_alex_lacamoire
1:Katholisches Gesangboch:Katholisches_gesangboch
1:Daniel Miclea:Daniel_miclea
1:Paul Tcaciuc:Paul_tcaciuc
1:Matt Maher, traducere:Matt_maher_traducere
1:Andrei Tibrea:Andrei_tibrea
1:GRUP EMANUEL CANADA:Grup_emanuel_canada
1:Veronica Malutan:Veronica_malutan
1:Colind din tara motilor:Colind_din_tara_motilor
1:Profides Paris:Profides_paris
1:Robert Jackson:Robert_jackson
1:Cor bărbătesc Elim Viena:Cor_barbatesc_elim_viena
1:Emil Bonaș și Otniel Știrb:Emil_bonas_si_otniel_stirb
1:C.H.Purday:Chpurday
1:Corul Betleem Watford Londra:Corul_betleem_watford_londra
1:Betty Manta, Adrian Stanculescu, Traducere EN:Betty_manta_adrian_stanculescu_traducere_en
1:Elim Harmony feat. Salomeea Handaric:Elim_harmony_feat_salomeea_handaric
1:Keith Getty, Stuart Townend:Keith_getty_stuart_townend
1:Marius Bahica:Marius_bahica
1:Joel Houston, Benjamin Hastings, Michael Fatkin:Joel_houston_benjamin_hastings_michael_fatkin
1:Charles Wesley:Charles_wesley
1:Fiona, Admin Bocșa, Abigail Cozmiuc (adaptare după Brian Johnson and Phil Wickham):Fiona_admin_bocsa_abigail_cozmiuc_adaptare_dupa_brian_johnson_and_phil_wickham
1:Steven Curtis Chapman, Chris Tomlin, Matt Redman:Steven_curtis_chapman_chris_tomlin_matt_redman
1:Utilizator Miti Buhai:Utilizator_miti_buhai
1:David Chiriac:David_chiriac
1:Eugen Pal:Eugen_pal
1:Joachim Neander:Joachim_neander
1:Sorin Mocanu:Sorin_mocanu
1:Grup Sirion:Grup_sirion
1:Tabita Dohan:Tabita_dohan
1:Edgar J.Haeskins:Edgar_jhaeskins
1:Andrei, George Ciurdas:Andrei_george_ciurdas
1:CREATIV:Creativ
1:Cliff Barrows:Cliff_barrows
1:Stuart Hamblen:Stuart_hamblen
1:Dan Istrate:Dan_istrate
1:Miriam Mihalut:Miriam_mihalut
1:Colind spaniol:Colind_spaniol
1:Natalia Cotan:Natalia_cotan
1:Tinerii 32:Tinerii
1:Elisei Ahlwen:Elisei_ahlwen
1:Flavius Mitar:Flavius_mitar
1:Mathias Mihalcea, 1907 Worship:Mathias_mihalcea_worship
1:Charles Wesley, Johannes Thommen:Charles_wesley_johannes_thommen
1:Mihai Decean:Mihai_decean
1:Tiberiu Szabo:Tiberiu_szabo
1:Mirela și Dorel Campean:Mirela_si_dorel_campean
1:Alfred Bierli:Alfred_bierli
1:adapt. Daniel Suciu și Echipa Jubilate (original: Stuard Towened și Keith Getty):Adapt_daniel_suciu_si_echipa_jubilate_original:_stuard_towened_si_keith_getty
1:A.Thomson:Athomson
1:P. Sonderhaus:P_sonderhaus
1:Andy Park:Andy_park
1:Herbert Buffum, Doc M. Shanks:Herbert_buffum_doc_m_shanks
1:Al.Morariu:Almorariu
1:Lăcrimioara Asandoaie:Lacrimioara_asandoaie
1:Emil Cuc:Emil_cuc
1:Elisei Dafinescu:Elisei_dafinescu
1:Sara și Naomi Pintilei:Sara_si_naomi_pintilei
1:Lorena Castellanos, Fernando Ramos, Fredy Gomez:Lorena_castellanos_fernando_ramos_fredy_gomez
1:Naomi Doru:Naomi_doru
1:Alin, Emima Timofte, Vlad Moldovan, TB Music:Alin_emima_timofte_vlad_moldovan_tb_music
1:Jessica Pavel:Jessica_pavel
1:Kutless:Kutless
1:Gaither Vocal Band, trad. BBSO:Gaither_vocal_band_trad_bbso
1:Shawna Edwards, Otto Pascal, Diana Scridon:Shawna_edwards_otto_pascal_diana_scridon
1:John of Damascus, Henry T. Smart:John_of_damascus_henry_t_smart
1:Cornel Schipor:Cornel_schipor
1:Andrei Ciurdas, Adonaia:Andrei_ciurdas_adonaia
1:Daniel Reuț:Daniel_reut
1:Denis Dan:Denis_dan
1:Dottie Rambo, adaptare Ted Doru Pope:Dottie_rambo_adaptare_ted_doru_pope
1:L.Hartsough:Lhartsough
1:Nelu Cristea:Nelu_cristea
1:Grup Otniel:Grup_otniel
1:Alisa si Andreas Pop, Logos Kids:Alisa_si_andreas_pop_logos_kids
1:Joel Raney:Joel_raney
1:Otto Pascal (adaptare după Gloria Gaither, Mark Mathes):Otto_pascal_adaptare_dupa_gloria_gaither_mark_mathes
1:Melodia Ted Doru Pope, Versuri Traian Dorz:Melodia_ted_doru_pope_versuri_traian_dorz
1:Lacrimioara Deacu:Lacrimioara_deacu
1:Mircea Pătruică:Mircea_patruica
1:Simion Cubolta:Simion_cubolta
1:LUIZA MK:Luiza_mk
1:Harvest Arad, Bethel Music:Harvest_arad_bethel_music
1:HyChoir:Hychoir
1:Traditional Negro Spiritual:Traditional_negro_spiritual
1:Roxana Mititelu:Roxana_mititelu
1:Andrew Peterson, Ben Shive (traducere BBSO):Andrew_peterson_ben_shive_traducere_bbso
1:Gaither Vocal Band:Gaither_vocal_band
1:BBSO (adaptare după Jonathan Smith, Mia Feldes si Zach Williams):Bbso_adaptare_dupa_jonathan_smith_mia_feldes_si_zach_williams
1:Mary McDonald:Mary_mcdonald
1:Gloria si William J. Gaither:Gloria_si_william_j_gaither
1:Al Harkins:Al_harkins
1:Biji si Rafael Mihai:Biji_si_rafael_mihai
1:Grupul Micul Misionar:Grupul_micul_misionar
1:Amy Grant:Amy_grant
1:Caleb Collins, Stephen Sharp:Caleb_collins_stephen_sharp
1:Jack Richards:Jack_richards
1:Teo Family, E. Golan (Israel):Teo_family_e_golan_israel
1:Florin Mesaroș(adaptare după  Chad Cates, Tony Wood):Florin_mesarosadaptare_dupa_chad_cates_tony_wood
1:cantare veche, preluare Maria si Gavrila Schop:Cantare_veche_preluare_maria_si_gavrila_schop
1:Radu Cioban:Radu_cioban
1:Ștefan Neag:Stefan_neag
1:Benone Burtescu:Benone_burtescu
1:Neagu Claudiu:Neagu_claudiu
1:Mack Taunton:Mack_taunton
1:Haldor Lillenas:Haldor_lillenas
1:Sara Pintilei:Sara_pintilei
1:Asociatia MGM:Asociatia_mgm
1:Ruben și Grațiella Piu:Ruben_si_gratiella_piu
1:Logos Praise Baia Mare:Logos_praise_baia_mare
1:Crețu Mihai:Cretu_mihai
1:Souca Danusia:Souca_danusia
1:Dorin, Andreea Cazacu:Dorin_andreea_cazacu
1:William M.Runyan:William_mrunyan
1:Mihai Bejinariu:Mihai_bejinariu
1:Terry W. York:Terry_w_york
1:Cristian Cornea:Cristian_cornea
1:Cornel Mihaiuc:Cornel_mihaiuc
1:Thomas Rawson Taylor:Thomas_rawson_taylor
1:adaptare Simon Khorolskiy:Adaptare_simon_khorolskiy
1:Rebeca Ilea Avram:Rebeca_ilea_avram
1:Claudiu Lupei, Lidia Veciunca, Gabriela Preduţ:Claudiu_lupei_lidia_veciunca_gabriela_predut
1:James S. Torbett:James_s_torbett
1:B.D.Ackley:Bdackley
1:Corul Bisericii Speranța:Corul_bisericii_speranta
1:Fraţii Timofte:Fratii_timofte
1:Familia Şofron:Familia_sofron
1:Mioc Alina:Mioc_alina
1:Casa Tâmplarului, Bethel Music:Casa_tamplarului_bethel_music
1:Eliza E. Hewitt, William J. Kirkpatrick:Eliza_e_hewitt_william_j_kirkpatrick
1:Tabra 447:Tabra
1:Spiritual Touch:Spiritual_touch
1:Grup Gospel:Grup_gospel
1:Mihaela Fedoreanu:Mihaela_fedoreanu
1:Cosmin Pașca:Cosmin_pasca
1:Ciuca Marius:Ciuca_marius
1:Grup Maranata:Grup_maranata
1:Dietrich Bonhoeffer:Dietrich_bonhoeffer
1:Ionesi Gaby:Ionesi_gaby
1:Eliza Pantea:Eliza_pantea
1:Brian Doerksen:Brian_doerksen
1:Cătălin Neacșa:Catalin_neacsa
1:Eric, Leslie Ludy:Eric_leslie_ludy
1:Razele cerului:Razele_cerului
1:Mihai Bejinariu, Ioana Dumitrescu:Mihai_bejinariu_ioana_dumitrescu
1:Ronnie Hinson:Ronnie_hinson
1:Grant Colfax Tullar:Grant_colfax_tullar
1:Grupul, Fericirea:Grupul_fericirea
1:Elvis Stoica:Elvis_stoica
1:Jim Wilson:Jim_wilson
1:Philip Doddridge, Georg Friedrich Händel:Philip_doddridge_georg_friedrich_h"andel
1:Bobby Austin, Curt Sapaugh:Bobby_austin_curt_sapaugh
1:Ioan Evu, Teo Family:Ioan_evu_teo_family
1:Alin Belean:Alin_belean
1:Sanctus Church Worship:Sanctus_church_worship
1:Alin Timofte, Otto Pascal:Alin_timofte_otto_pascal
1:Rahela, The Band:Rahela_the_band
1:G.G.Korben:Ggkorben
1:Fernando din Bărbulești:Fernando_din_barbulesti
1:William F.Sherwin:William_fsherwin
1:Cristi Chibici:Cristi_chibici
1:Cecil F. Alexander, William H. Monk:Cecil_f_alexander_william_h_monk
1:Biji si Marian din Barbulesti:Biji_si_marian_din_barbulesti
1:Adi Varga:Adi_varga
1:Adapt. E. Drăgoiu:Adapt_e_dragoiu
1:Oana Dincă:Oana_dinca
1:Biserica Baptista "Speranţa" Oradea:Biserica_baptista_"speranta"_oradea
1:Eusebiu Baciu, Friends:Eusebiu_baciu_friends
1:Dennis Gorcea (adaptare după Crowder, Dante Bowe):Dennis_gorcea_adaptare_dupa_crowder_dante_bowe
1:Don Moen:Don_moen
1:Third Day:Third_day
1:Ernst Decker:Ernst_decker
1:Gabi Ursulescu:Gabi_ursulescu
1:Teofil, Ligia Palincas:Teofil_ligia_palincas
1:Relu si Tabita Niculai:Relu_si_tabita_niculai
1:Annie Johnson Flint, Hubert Mitchell:Annie_johnson_flint_hubert_mitchell
1:Laura Story:Laura_story
1:The McKameys:The_mckameys
1:Raluca Cotlet:Raluca_cotlet
1:Charles E. Orr:Charles_e_orr
1:Do Re Mi Show:Do_re_mi_show
1:Al.Podoleanu:Alpodoleanu
1:Din NYC, Maranata:Din_nyc_maranata
1:Jonny Robinson și Rick Thompson:Jonny_robinson_si_rick_thompson
1:E.Gabel:Egabel
1:gordon mote:Gordon_mote
1:Charles Hutchinson Gabriel:Charles_hutchinson_gabriel
1:ed, Dan Istrate:Ed_dan_istrate
1:Daniel Neagu, Denys Laurenciuc:Daniel_neagu_denys_laurenciuc
1:Ovidu Liteanu:Ovidu_liteanu
1:Nicu Dusan:Nicu_dusan
1:Charles P. Jones:Charles_p_jones
1:Gloria Gaither, Ernie Haase, Sig:Gloria_gaither_ernie_haase_sig
1:Curtis J. Williams:Curtis_j_williams
1:Cristi și Emma Repede:Cristi_si_emma_repede
1:William F. Lakey, V.B. (Vep) Ellis:William_f_lakey_vb_vep_ellis
1:Pelle Karlsson:Pelle_karlsson
1:Patricia Pop, Vous Worship:Patricia_pop_vous_worship
1:George Lupsea, Beni Moldovan:George_lupsea_beni_moldovan
1:Tineri Biserica "Filadelfia", Galați:Tineri_biserica_"filadelfia"_galati
1:Phil Wickham, traducere Pop Marius:Phil_wickham_traducere_pop_marius
1:Fr.Abt.:Frabt
1:Dan Muncaciu  (Catalin si Ramona Lup):Dan_muncaciu_catalin_si_ramona_lup
1:Lucian şi Adelina Susanu:Lucian_si_adelina_susanu
1:Brian Littrell:Brian_littrell
1:Flaviu Mitar, Grupul Omega:Flaviu_mitar_grupul_omega
1:Larry Gatlin:Larry_gatlin
1:Biji din Barbuleati, Elvis:Biji_din_barbuleati_elvis
1:Lewis E. Jones:Lewis_e_jones
1:Otto Pascal (adaptare după Katy Nichole):Otto_pascal_adaptare_dupa_katy_nichole
1:Relu Leleu:Relu_leleu
1:Ionică, Adriana Stoica:Ionica_adriana_stoica
1:Cecil F. Alexander, Henry J. Gauntlett:Cecil_f_alexander_henry_j_gauntlett
1:H.J Gauntlett:Hj_gauntlett
1:Jack Jim Elsie:Jack_jim_elsie
1:Maranatha Singers:Maranatha_singers
1:Alina Poraicu și Rebeca Cojocărescu:Alina_poraicu_si_rebeca_cojocarescu
1:Corul Bisericii Someşeni:Corul_bisericii_someseni
1:Сэм Перебиковский (Trad. AC):__trad_ac
1:Cornel Dărvășan:Cornel_darvasan
1:Daniela Demian:Daniela_demian
1:Lester Flatt, Earl Scruggs:Lester_flatt_earl_scruggs
1:Loredana Iacoban:Loredana_iacoban
1:Iosif Muresan:Iosif_muresan
1:Audra Czarnikow:Audra_czarnikow
1:Din repertoriul Armatei Salvari:Din_repertoriul_armatei_salvari
1:Henry W. Longfellow, John Baptiste Calkin:Henry_w_longfellow_john_baptiste_calkin
1:Naomi Sturza:Naomi_sturza
1:Daniel si Emanuela Hirtie:Daniel_si_emanuela_hirtie
1:Colind grecesc:Colind_grecesc
1:Melodie Ruseasca:Melodie_ruseasca
1:Christina G. Rossetti:Christina_g_rossetti
1:Simon Khorolskiy trad Pop Marius:Simon_khorolskiy_trad_pop_marius
1:Ovidiu Bergheanu:Ovidiu_bergheanu
1:G.A.Lewis:Galewis
1:H. L. Turner:H_l_turner
1:Miriam Giurgia, Rahela Dragusin:Miriam_giurgia_rahela_dragusin
1:Adrian Tămășan:Adrian_tamasan
1:Cornel Gherasim:Cornel_gherasim
1:Sorin Raica:Sorin_raica
1:Alina Havristiuc:Alina_havristiuc
1:Marcus M.Wells:Marcus_mwells
1:Colin francez:Colin_francez
1:Harvest Metanoia București:Harvest_metanoia_bucuresti
1:Hillsong Young, Free:Hillsong_young_free
1:Luther B. Bridgers:Luther_b_bridgers
1:Edward S. Ufford:Edward_s_ufford
1:Monica, Naomi şi Elisabeta Grab:Monica_naomi_si_elisabeta_grab
1:Grupul Voces:Grupul_voces
1:M.L.Hohman colind polonez:Mlhohman_colind_polonez
1:Joseph S. Cook:Joseph_s_cook
1:Dumitru C:Dumitru_c
1:Oana Fisca, Claudia Azgur:Oana_fisca_claudia_azgur
1:Căpâlna Violeta:Capalna_violeta
1:Vasile Moisescu:Vasile_moisescu
1:Andreea, Adi, Inge:Andreea_adi_inge
1:Text: Corina şi Alina Bazon, Muzica: Corina Bazon:Text:_corina_si_alina_bazon_muzica:_corina_bazon
1:Chris și Grupul Cristale:Chris_si_grupul_cristale
1:Andrew Peterson (Chris Tomlin):Andrew_peterson_chris_tomlin
1:Grupul Onix:Grupul_onix
1:Andreea Coroban, Friends, Firemakers:Andreea_coroban_friends_firemakers
1:Corneliu Livanu:Corneliu_livanu
1:Hillsong Worship, Traducere RO (by Oniță Halunga, Rugul Aprins Worship):Hillsong_worship_traducere_ro_by_onita_halunga_rugul_aprins_worship
1:Text: Iaslovăţ, Suceava:Text:_iaslovat_suceava
1:creciun pavel:Creciun_pavel
1:Lari Muntean (adaptare după Sinach):Lari_muntean_adaptare_dupa_sinach
1:Angela:Angela
1:Raymond Vancu şi Adi Hentea:Raymond_vancu_si_adi_hentea
1:James Rowe, James D. Vaughan:James_rowe_james_d_vaughan
1:Betania Dublin, Phil Wickham:Betania_dublin_phil_wickham
1:Mirela Cimpean:Mirela_cimpean
1:Duane Allen, Herman Harper:Duane_allen_herman_harper
1:George A. Young:George_a_young
1:Dumitru Budac:Dumitru_budac
1:Betty Manta, Ioana Manta:Betty_manta_ioana_manta
1:Daniel Bucur:Daniel_bucur
1:Cor copii Micalaca:Cor_copii_micalaca
1:C.B.McAfea:Cbmcafea
1:Robert E. Winsett:Robert_e_winsett
1:Custură Ioana:Custura_ioana
1:Skillet:Skillet
1:Chris Tomlin, Carson Daniel, Jesse Reeves:Chris_tomlin_carson_daniel_jesse_reeves
1:Charles Wesley, George D. Elderkin:Charles_wesley_george_d_elderkin
1:Rend Collective:Rend_collective
1:John Wimber:John_wimber
1:Pasca Ruben:Pasca_ruben
1:Naida Hearn:Naida_hearn
1:Cartea Cărților:Cartea_cartilor
1:Tanya Riches:Tanya_riches
1:Ionică Pop:Ionica_pop
1:Otto Pascal si Emma:Otto_pascal_si_emma
1:D.T.Towner:Dttowner
1:Beni Cibu, Sami Carcea, Dorel Breabăn:Beni_cibu_sami_carcea_dorel_breaban
1:Ionel Plesa:Ionel_plesa
1:Dumbrava Iosif:Dumbrava_iosif
1:Traian Dorz Nicolae Moldoveanu:Traian_dorz_nicolae_moldoveanu
1:Laura Story, Blessings:Laura_story_blessings
1:Gaither and Easter trad Pop Marius:Gaither_and_easter_trad_pop_marius
1:James, Russell, Ed Easter:James_russell_ed_easter
1:Camelia Gutu:Camelia_gutu
1:Adina şi Luisa Mandiuc:Adina_si_luisa_mandiuc
1:Andrei Ciurdas:Andrei_ciurdas
1:W. Elmo Mercer:W_elmo_mercer
1:Narcisap.:Narcisap
1:F.M.Lehman:Fmlehman
1:HARFA:Harfa
1:beCLEAN:Beclean
1:Buliga Andrei:Buliga_andrei
1:Otilia Drozd, BBSO(adaptare după Geron Davis):Otilia_drozd_bbsoadaptare_dupa_geron_davis
1:Dana Oprea:Dana_oprea
1:Familia Pascal:Familia_pascal
1:Danie Hîrtie:Danie_hirtie
1:Abigail Bejerea:Abigail_bejerea
1:Fratii Tonea:Fratii_tonea
1:Ioan Hiticas:Ioan_hiticas
1:Coroama Dumitru:Coroama_dumitru
1:Lewis Hartsough:Lewis_hartsough
1:Mihai Gavriluță:Mihai_gavriluta
1:John H.Stockton:John_hstockton
1:Aura Raica:Aura_raica
1:Swiss Carol:Swiss_carol
1:Elmo Rodgers:Elmo_rodgers
1:Donald O'Keefe:Donald_o'keefe
1:Versurile, Mariana Pavel:Versurile_mariana_pavel
1:Grupul de Tineri din Bosanci:Grupul_de_tineri_din_bosanci
1:Naomi Borota, George Ciurdas:Naomi_borota_george_ciurdas
1:A.H.Ackley:Ahackley
1:Din Cleveland:Din_cleveland
1:Gary S. Paxton:Gary_s_paxton
1:Grupul Alfa:Grupul_alfa
1:Florin Mesaroș, BBSo ( adaptare după Ben Fielding, Brooke Ligertwood ):Florin_mesaros_bbso_adaptare_dupa_ben_fielding_brooke_ligertwood
1:Munteanu David Emanuel:Munteanu_david_emanuel
1:Jubilate, Steve și Vikki Cook:Jubilate_steve_si_vikki_cook
1:Asa Hull:Asa_hull
1:NM, ed. Dan Istrate:Nm_ed_dan_istrate
1:Nikolaus Herman:Nikolaus_herman
1:Olivier Holden:Olivier_holden
1:Bob Gillman:Bob_gillman
1:Beniamin Fodoreanu ( HYChoir ):Beniamin_fodoreanu_hychoir
1:Leeland Mooring, Brenton Brown, Brian Johnson:Leeland_mooring_brenton_brown_brian_johnson
1:BBSO(adaptare după  Brian Johnson, Jonathan David Helser, Joel Case:Bbsoadaptare_dupa_brian_johnson_jonathan_david_helser_joel_case
1:Philip P.Bliss:Philip_pbliss
1:Continental Kids:Continental_kids
1:Geoff Moore, Steven Curtis Cha:Geoff_moore_steven_curtis_cha
1:John R Sweney:John_r_sweney
1:Nicu Clipa, Radu Dragoiu, Vali Misaras, Paul Onitiu, Dani Catana:Nicu_clipa_radu_dragoiu_vali_misaras_paul_onitiu_dani_catana
1:Merril T.MacPherson:Merril_tmacpherson
1:Ovidiu Mitrofan:Ovidiu_mitrofan
1:Valeria Colojoara:Valeria_colojoara
1:Mike Kinga:Mike_kinga
1:Soli deo Gloria:Soli_deo_gloria
1:James Easter:James_easter
1:Maria Ferschl:Maria_ferschl
1:Franklin E. Belden:Franklin_e_belden
1:Emmy Köhlers:Emmy_k"ohlers
1:Phil Wickham, BBSO:Phil_wickham_bbso
1:Robert Robinson, John Wyeth:Robert_robinson_john_wyeth
1:Emerson E. Hasty:Emerson_e_hasty
1:Mircea Căpușan:Mircea_capusan
1:W.J.Kirkpatrick:Wjkirkpatrick
1:Aranjament Eugene Thomas:Aranjament_eugene_thomas
1:Samuel Bala:Samuel_bala
1:Benone Rus:Benone_rus
1:Geron Davis:Geron_davis
1:BBSO (adaptare după Matt Crocker):Bbso_adaptare_dupa_matt_crocker
1:Fratii Mandici:Fratii_mandici
1:Miriam Popescu, Marius Ignat, Nelu Ciorba:Miriam_popescu_marius_ignat_nelu_ciorba
1:Colind din Polonia:Colind_din_polonia
1:Daniel Constanda:Daniel_constanda
1:Horatius Bonar, Ira D. Sankey:Horatius_bonar_ira_d_sankey
1:Andreea Irimiciuc:Andreea_irimiciuc
1:Bethany Praise:Bethany_praise
1:Domini, Band:Domini_band
1:Simona Fedorciuc:Simona_fedorciuc
1:Corul Bisericii "Rugul Aprins" din Toflea:Corul_bisericii_"rugul_aprins"_din_toflea
1:Paul si Liana Dronca:Paul_si_liana_dronca
1:Beni din Moisei:Beni_din_moisei
1:Rut Olcean:Rut_olcean
1:Amalia Preda:Amalia_preda
1:Bogdan Ivan:Bogdan_ivan
1:V.B. (Vep) Ellis:Vb_vep_ellis
1:Rebeca Avram:Rebeca_avram
1:Albert J. Sims:Albert_j_sims
1:Oni Rodilă:Oni_rodila
1:Tănase Ligia Maria:Tanase_ligia_maria
1:John Newton:John_newton
1:John Newton, Traducere Pitt Popovici:John_newton_traducere_pitt_popovici
1:Franz Abt:Franz_abt
1:Dorin Giurgiu:Dorin_giurgiu
1:Stralsund Gesangbuch:Stralsund_gesangbuch
1:Maverick City Music (trad. AerCurat):Maverick_city_music_trad_aercurat
1:Redd Harper:Redd_harper
1:Alin Timofte, Alin Jivan:Alin_timofte_alin_jivan
1:Cor bărbătesc Watford:Cor_barbatesc_watford
1:Sorin de la Barbulesti:Sorin_de_la_barbulesti
1:Mina Ianovici:Mina_ianovici
1:Razvan Trentea:Razvan_trentea
1:Thomas Kelly, Lowell Mason:Thomas_kelly_lowell_mason
1:BethanyPraiseBand:Bethanypraiseband
1:Sidney Cox:Sidney_cox
1:Ștefanie Chiș, Otto Pascal:Stefanie_chis_otto_pascal
1:Evanghelion:Evanghelion
1:Daniel B.Towner:Daniel_btowner
1:Vasile si Daniel Balan:Vasile_si_daniel_balan
1:Betania Dublin, Charity Gayle:Betania_dublin_charity_gayle
1:Excelsior Band:Excelsior_band
1:Ema Hasan:Ema_hasan
1:Copil Alexandra:Copil_alexandra
1:James and Ursula Matchack:James_and_ursula_matchack
1:Lucian si Simona Haga:Lucian_si_simona_haga
1:Folliott S. Pierpoint, Conrad Kocher:Folliott_s_pierpoint_conrad_kocher
1:John A.Hultman:John_ahultman
1:Text: Alina Bazon, Muzica: Corina Bazon:Text:_alina_bazon_muzica:_corina_bazon
1:Lina Sandell Berg:Lina_sandell_berg
1:Samy si Clara Lupu:Samy_si_clara_lupu
1:Andrew Culverwell:Andrew_culverwell
1:familia Lăpușan:Familia_lapusan
1:Nelu Negrușer:Nelu_negruser
1:Sharon:Sharon
1:Iuliana Leontiuc:Iuliana_leontiuc
1:E.S.Rice:Esrice
1:Omega, Flavius Mitar:Omega_flavius_mitar
1:Sora Marica:Sora_marica
1:Andrei și Luminița Tomuța:Andrei_si_luminita_tomuta
1:Grupul Angel:Grupul_angel
1:Magda și Dani Popescu:Magda_si_dani_popescu
1:Benone Sinulescu:Benone_sinulescu
1:Donnie Sumner, Dwayne Friend:Donnie_sumner_dwayne_friend
1:W.H.Eisele:Wheisele
1:Louis F. Benson:Louis_f_benson
1:Lynn Deshazo, Gary Sadler:Lynn_deshazo_gary_sadler
1:Sever Păcean:Sever_pacean
1:Miluta Piu:Miluta_piu
1:Otto Pascal, Alin Timofte:Otto_pascal_alin_timofte
1:Martin Smith, Chris Tomlin, Jesse Reeves:Martin_smith_chris_tomlin_jesse_reeves
1:CASA WORSHIP:Casa_worship
1:Utu Bodea:Utu_bodea
1:John Milton:John_milton
1:Gabriela Zbiera:Gabriela_zbiera
1:Bianca Codoban:Bianca_codoban
1:Adrian Calbajos:Adrian_calbajos
1:Slavic Vulpe:Slavic_vulpe
1:Harmony:Harmony
1:Ligia Odev:Ligia_odev
1:Ovidiu Opriș:Ovidiu_opris
1:Raymond Vancu și Tabita Alexa:Raymond_vancu_si_tabita_alexa
1:Cantata de grupul Amos, Cluj:Cantata_de_grupul_amos_cluj
1:Nicu Draghici, Elvis din Bărbulești:Nicu_draghici_elvis_din_barbulesti
1:Sara Goghezu:Sara_goghezu
1:gabriellatim:Gabriellatim
1:ed. Dan Istrate (vers 4):Ed_dan_istrate_vers
1:Daniel Stăuceanu, Charles H. Gabriel:Daniel_stauceanu_charles_h_gabriel
1:Maranata Viena:Maranata_viena
1:George Ciurdas ft. Emanuel Burcus:George_ciurdas_ft_emanuel_burcus
1:Lucian Cazacu:Lucian_cazacu
1:George C.Hugg:George_chugg
1:Vasy Ursulean:Vasy_ursulean
1:Viorel Dejeu:Viorel_dejeu
1:Puala Bîlc:Puala_bilc
1:Len Magee, Adaptare RO:Len_magee_adaptare_ro
1:Angela Stănila:Angela_stanila
1:Utilizator Sav Simona:Utilizator_sav_simona
1:Anca Stan:Anca_stan
1:Utilizator Damaris Cauneac:Utilizator_damaris_cauneac
1:Daniel Suciu (adaptare după The Lord is my Shepherd, Stuart Townend):Daniel_suciu_adaptare_dupa_the_lord_is_my_shepherd_stuart_townend
1:Herbet Masuch:Herbet_masuch
1:Lidia Fechete, Alin Jivan:Lidia_fechete_alin_jivan
1:Mihaela Șevera:Mihaela_severa
1:Teodor David:Teodor_david
1:Cor Andante:Cor_andante
1:Marian de la Bărbulești:Marian_de_la_barbulesti
1:Bob Fitts:Bob_fitts
1:Grup Lumina:Grup_lumina
1:Radu Dragoiu:Radu_dragoiu
1:Mildred Ellen Sullivan:Mildred_ellen_sullivan
1:Ed.Hug:Edhug
1:Russell:Russell
1:Hans Leo Hassler:Hans_leo_hassler
1:Bianca Bolboacă:Bianca_bolboaca
1:Grupul Eleos:Grupul_eleos
1:Catalin Ciuciulescu:Catalin_ciuciulescu
1:Marcel Urs:Marcel_urs
1:Simeon B.Marsh:Simeon_bmarsh
1:Vadim Maksimov:Vadim_maksimov
1:Jean Sibelius:Jean_sibelius
1:S.J.Vail:Sjvail
1:E.F.Rimbault:Efrimbault
1:Reginald Heber, James P. Harding:Reginald_heber_james_p_harding
1:Naomi Borota, Marius Pop:Naomi_borota_marius_pop
1:Colind austriac:Colind_austriac
1:Albu Agnes:Albu_agnes
1:Samuel S.Wesley:Samuel_swesley
1:Colind din Tirol:Colind_din_tirol
1:Ionuț_Istrate:Ionutistrate
1:J.M.Neale Henry S.Coffin:Jmneale_henry_scoffin
1:Ovidiu Năsui:Ovidiu_nasui
1:Friedrich Schneider:Friedrich_schneider
1:Phillips Brooks, Lewis H. Redner:Phillips_brooks_lewis_h_redner
1:Cindy Walker, Jim Reeves:Cindy_walker_jim_reeves
1:J.Beer:Jbeer
1:Friedrich Silcher:Friedrich_silcher
1:Carl Boberg, jean Staneschi:Carl_boberg_jean_staneschi
1:Anca Ciora:Anca_ciora
1:Samuel Wesley Sr. (Christian Heinrich Zeller):Samuel_wesley_sr_christian_heinrich_zeller
1:Hugh Wilson:Hugh_wilson
1:Florin Pal, Fratii Strugariu:Florin_pal_fratii_strugariu
1:Carman:Carman
1:Olga Serban:Olga_serban
1:S.S.Wesley:Sswesley
1:Lewis H.Render:Lewis_hrender
1:Anni Liedtke, Gottfried Stahnke:Anni_liedtke_gottfried_stahnke
1:Thomas J.Williams:Thomas_jwilliams
1:Dumitru G.Kiriac:Dumitru_gkiriac
1:Johan Mentzer:Johan_mentzer
1:Tatiana Topciu:Tatiana_topciu
1:narcisa popa nancy:Narcisa_popa_nancy
1:Grupul Elim:Grupul_elim
1:Alin Pop:Alin_pop
1:Virginia Sorbală:Virginia_sorbala
1:Fratii Alexa:Fratii_alexa
1:Chris Bowater:Chris_bowater
1:Grup Sinai:Grup_sinai
1:Franti din Barbulesti:Franti_din_barbulesti
1:Corul de copii "Celest":Corul_de_copii_"celest"
1:Tony Berbece:Tony_berbece
1:Grup Domini:Grup_domini
1:J. Edwin McConnell:J_edwin_mcconnell
1:Tim Timmons:Tim_timmons
1:Sorin  Mocanu:Sorin_mocanu
1:Deo Gloria.:Deo_gloria
1:ICF Worship:Icf_worship
1:Colind din Croaţia:Colind_din_croatia
1:Jean S. Pigott, James Mountain:Jean_s_pigott_james_mountain
1:Marty Nystrom:Marty_nystrom
1:Valeria Iorga:Valeria_iorga
1:E.Warren:Ewarren
1:Phill Wickham:Phill_wickham
1:Damaris Logigan:Damaris_logigan
1:Ştefan Mihai:Stefan_mihai
1:Burkhardt Cilu:Burkhardt_cilu
1:Bob Ferguson:Bob_ferguson
1:Cătălin Crişan:Catalin_crisan
1:Sanford F. Bennett:Sanford_f_bennett
1:Mariana Demeter:Mariana_demeter
1:Roza Nicula:Roza_nicula
1:Utilizator Anatolie Cotelea:Utilizator_anatolie_cotelea
1:Efraim:Efraim
1:Eugen Ruje.:Eugen_ruje
1:Dana Nalbaru:Dana_nalbaru
1:Adrian Todor:Adrian_todor
1:Wlliam H.Doane:Wlliam_hdoane
1:George Bennard:George_bennard
1:Melodie și Versuri: Ted Doru Pope:Melodie_si_versuri:_ted_doru_pope
1:Vasile Hozan:Vasile_hozan
1:Sebastian Ianos:Sebastian_ianos
1:Hugh Moffatt:Hugh_moffatt
1:John W. Peterson, Traducere V.Popovici:John_w_peterson_traducere_vpopovici
1:Razvan Reste, Dodo Danciu:Razvan_reste_dodo_danciu
1:Otniel Sighiartau:Otniel_sighiartau
1:Eduard Eyth, Karl August Groos:Eduard_eyth_karl_august_groos
1:Claudiu Simion:Claudiu_simion
1:preluare Familia Jireada:Preluare_familia_jireada
1:Fraţii Murasan:Fratii_murasan
1:Betel Grup Dumbrăveni:Betel_grup_dumbraveni
1:De la Domnul prin sora V.H:De_la_domnul_prin_sora_vh
1:Friedrich von Spee:Friedrich_von_spee
1:Georg Weissel:Georg_weissel
1:Corul de tineri din Iasi:Corul_de_tineri_din_iasi
1:Isaura Dinca:Isaura_dinca
1:Diana Buble:Diana_buble
1:Raze de speranță:Raze_de_speranta
1:Tinerii Vicov:Tinerii_vicov
1:Thomas A. Dorsey:Thomas_a_dorsey
1:Ghica Valentin:Ghica_valentin
1:Grup Amos:Grup_amos
1:Elena Poșa:Elena_posa
1:Tamara Onufrei:Tamara_onufrei
1:Unbekannt:Unbekannt
1:Andrada Dupu:Andrada_dupu
1:Denisa Pripon:Denisa_pripon
1:George Cirudas:George_cirudas
1:Charles Wesley, Lowell Mason:Charles_wesley_lowell_mason
1:Grup Triumf:Grup_triumf
1:Luminita Popa (Vlad):Luminita_popa_vlad
1:Alexandru Chiriţă:Alexandru_chirita
1:Joel Hemphill:Joel_hemphill
1:UniSong:Unisong
1:Marius Bădău:Marius_badau
1:Keith si Kristyn Getty:Keith_si_kristyn_getty
1:Lorena Iescău:Lorena_iescau
1:Alin si Emima Timofte ft. Vlad Moldovan, Naomi Murza, TB Music:Alin_si_emima_timofte_ft_vlad_moldovan_naomi_murza_tb_music
1:Sarah Handaric:Sarah_handaric
1:Boanerghes:Boanerghes
1:Amiel:Amiel
1:Nicoleta Mascas (adaptare după Jennie Lee Riddle, Josiah Warneking, Josh Miller, Shane Barnard):Nicoleta_mascas_adaptare_dupa_jennie_lee_riddle_josiah_warneking_josh_miller_shane_barnard
1:Daniel R:Daniel_r
1:Ani Rogojan.:Ani_rogojan
1:Romeo Pelle și Dănut Noane:Romeo_pelle_si_danut_noane
1:Razvan Reste:Razvan_reste
1:Simona Palinciuc:Simona_palinciuc
1:Titus Ghica:Titus_ghica
1:Adi Belcotă:Adi_belcota
1:Tabita Briiac:Tabita_briiac
1:Roxana Caraian:Roxana_caraian
1:Cojoc Samuel:Cojoc_samuel
1:Grupul Vocea Evangheliei:Grupul_vocea_evangheliei
1:Jas.McGranaham:Jasmcgranaham
1:Rebecca St. James:Rebecca_st_james
1:Jason Ingram, Brooke Ligertwood, Scott Ligertwood:Jason_ingram_brooke_ligertwood_scott_ligertwood
1:Daniel Mocanu(adaptare după Brandon Lake, Steven Furtick și Tiffany Hammer):Daniel_mocanuadaptare_dupa_brandon_lake_steven_furtick_si_tiffany_hammer
1:William J. Kirkpatrick:William_j_kirkpatrick
1:Iosif Martin:Iosif_martin
1:Mădălina Iurașoc:Madalina_iurasoc
1:Ionică Stocia:Ionica_stocia
1:Filadelfia Music:Filadelfia_music
1:Mihai Sinogaci si Ala Bragari:Mihai_sinogaci_si_ala_bragari
1:Triumf:Triumf
1:Nicoleta Mașcaș, Răzvan Rește:Nicoleta_mascas_razvan_reste
1:Corul Menap, Chile:Corul_menap_chile
1:Nutu Cornel:Nutu_cornel
1:Adonia, Friends:Adonia_friends
1:Colind francez:Colind_francez
1:Mădălina Costea:Madalina_costea
1:Cor de tineri, Reghin:Cor_de_tineri_reghin
1:Grupul Mesaj, Diana Pup:Grupul_mesaj_diana_pup
1:Alexandru Vlahuta:Alexandru_vlahuta
1:Geo Giovani:Geo_giovani
1:Betel Worship Cluj:Betel_worship_cluj
1:Magdalena Mircea:Magdalena_mircea
1:Călinuț:Calinut
1:Joseph C. Ludgate, Stephen C. Foster:Joseph_c_ludgate_stephen_c_foster
1:Nathan Popa:Nathan_popa
1:Magdalena Fleşariu:Magdalena_flesariu
1:Adi Moruz:Adi_moruz
1:Violeta:Violeta
1:Ioana Murasan:Ioana_murasan
1:Emima Clipa:Emima_clipa
1:Florian Guler:Florian_guler
1:Bethany Praise Band:Bethany_praise_band
1:Corneliu Matei și Doruţa Olărean:Corneliu_matei_si_doruta_olarean
1:Edwin O. Excell:Edwin_o_excell
1:Dodo Danciu și Răzvan Rește (adaptare după Graham Kendrick):Dodo_danciu_si_razvan_reste_adaptare_dupa_graham_kendrick
1:Marius Bernat:Marius_bernat
1:John S.Norris:John_snorris
1:Caniuca Ioan Samuel:Caniuca_ioan_samuel
1:Thomas Miller:Thomas_miller
1:Andrei şi Eliza Roşu:Andrei_si_eliza_rosu
1:Felicia Guriță:Felicia_gurita
1:Edward Hopper, John E. Gould:Edward_hopper_john_e_gould
1:Ovidiu Opris ft. Paula Supuran, Logos Worship:Ovidiu_opris_ft_paula_supuran_logos_worship
1:Ligia Bodea şi Gabi Iluţ:Ligia_bodea_si_gabi_ilut
1:Casting Crowns (varianta BBSO):Casting_crowns_varianta_bbso
1:Lucy R. Fleming, J. Henry Showalter:Lucy_r_fleming_j_henry_showalter
1:umar la umar:Umar_la_umar
1:Bob Benson Sr., Phil Johnson:Bob_benson_sr_phil_johnson
1:Biserica Salem Alba:Biserica_salem_alba
1:Loredana Culea:Loredana_culea
1:Nolene Prince:Nolene_prince
1:Beniamin Giurgia:Beniamin_giurgia
1:S.M.C.:Smc
1:Eddie James, Bradley Knight:Eddie_james_bradley_knight
1:Eddie James:Eddie_james
1:trad veche:Trad_veche
1:Jonh B.Dykes:Jonh_bdykes
1:W. S. Marshall:W_s_marshall
1:Diana Cosma, Mia Otiman:Diana_cosma_mia_otiman
1:Tradus V.Popovici Melodie din Hawaii:Tradus_vpopovici_melodie_din_hawaii
1:Alin Ivasco:Alin_ivasco
1:John Ellerton, Clement C. Scholefield:John_ellerton_clement_c_scholefield
1:United Pursuit:United_pursuit
1:Adi Kovaci și Ema Repede:Adi_kovaci_si_ema_repede
1:Alfred H.Ackley:Alfred_hackley
1:Geta Rotaru (Lază):Geta_rotaru_laza
1:Jarod Espy ( Traducere HYChoir):Jarod_espy_traducere_hychoir
1:Tabita Vorosan:Tabita_vorosan
1:Infinite Love:Infinite_love
1:C.H.Gabriel:Chgabriel
1:Surorile Voroşan:Surorile_vorosan
1:John Stallings:John_stallings
1:Aurel Bobu:Aurel_bobu
1:Ray Hildebrand:Ray_hildebrand
1:Deborah Wenger:Deborah_wenger
1:Emanuel Rătăcean:Emanuel_ratacean
1:Ada Blenkhorn:Ada_blenkhorn
1:E.J. Rollings:Ej_rollings
1:Claudia Benchea:Claudia_benchea
1:Formatia Celis, Ruben Ianovici:Formatia_celis_ruben_ianovici
1:Alfred Hans Zoller:Alfred_hans_zoller
1:Peniel:Peniel
1:Denis Stranis, Otto Pascal:Denis_stranis_otto_pascal
1:Jack Campbell, Jimmie Davis:Jack_campbell_jimmie_davis
1:Thomas A. Dorsey, Mary Gardner:Thomas_a_dorsey_mary_gardner
1:Robert Robinson, J. G. Bitthauer:Robert_robinson_j_g_bitthauer
1:Dennis Gorcea, George Horga Jr:Dennis_gorcea_george_horga_jr
1:Buble Rahela:Buble_rahela
1:John W. Vaughan:John_w_vaughan
1:Alev Caienar:Alev_caienar
1:Sora Sorina:Sora_sorina
1:Prodan Renata:Prodan_renata
1:Elena Midrigan:Elena_midrigan
1:E X O D:E_x_o_d
1:C.C.Williams:Ccwilliams
1:J.Rosenmuller:Jrosenmuller
1:Frances R. Havergal:Frances_r_havergal
1:Luisa:Luisa
1:American Traditional:American_traditional
1:Gadalem:Gadalem
1:Vasile Cățănaș:Vasile_catanas
1:Johann D. Feddersen:Johann_d_feddersen
1:Charles A. Tindley:Charles_a_tindley
1:Biserica Pentricostala:Biserica_pentricostala
1:Aaron Wilburn, Rusty, Tanya Goodman:Aaron_wilburn_rusty_tanya_goodman
1:William Hunter, Rev. John W. Dadmun:William_hunter_rev_john_w_dadmun
1:Cristian și Cristina Văduva:Cristian_si_cristina_vaduva
1:Lucian Mârza:Lucian_marza
1:Roxana Simion:Roxana_simion
1:Traistă Mihai:Traista_mihai
1:Philips Craig and Dean:Philips_craig_and_dean
1:Lucian Nica:Lucian_nica
1:TR3i, Harvest Arad:Tri_harvest_arad
1:Paula Bîlc:Paula_bilc
1:Familia Robu:Familia_robu
1:Trişcă Vasile:Trisca_vasile
1:Cristiana Văduva:Cristiana_vaduva
1:Formatia Canaan:Formatia_canaan
1:Liliana Balcan:Liliana_balcan
1:Paul Gerhardt, Johann Georg Ebeling:Paul_gerhardt_johann_georg_ebeling
1:William Boyd:William_boyd
1:Biju de la Barbulesti:Biju_de_la_barbulesti
1:Florin Jula:Florin_jula
1:Anastasia Cheptea:Anastasia_cheptea
1:Jon Guerra:Jon_guerra
1:Muzica: Ludwig van Beethoven:Muzica:_ludwig_van_beethoven
1:N'sanse:N'sanse
1:Grupul Legamant:Grupul_legamant
1:Diane Ball:Diane_ball
1:Grup Codlea:Grup_codlea
1:Eugenia Everson:Eugenia_everson
1:Lorena Iftimia:Lorena_iftimia
1:Kari Jobe, BBSO:Kari_jobe_bbso
1:Keith, Kristyn Getty:Keith_kristyn_getty
1:Kari Jobe, Elevation Worship:Kari_jobe_elevation_worship
1:Andreas Tudosi ft Emma Repede:Andreas_tudosi_ft_emma_repede
1:ed. Dan Istrate (autor: Theodulph of Orleans, circa 820 AD):Ed_dan_istrate_autor:_theodulph_of_orleans_circa_ad
1:Lelia N.Morris:Lelia_nmorris
1:Familia Ignat:Familia_ignat
1:Grupul E singura cale:Grupul_e_singura_cale
1:Далеко:
1:Gabi Miclea:Gabi_miclea
1:Rick Vale:Rick_vale
1:Adaptare după Graham Kendrick:Adaptare_dupa_graham_kendrick
1:Dani Căpătan:Dani_capatan
1:Charles E. Moody:Charles_e_moody
1:Oprea Sebastian:Oprea_sebastian
1:Tatiana Timiș:Tatiana_timis
1:Dynamis:Dynamis
1:Robin Mark:Robin_mark
1:Marian Hreceniuc:Marian_hreceniuc
1:Victor Burachek:Victor_burachek
1:J. L. Heath:J_l_heath
1:Valentin Mierluţ:Valentin_mierlut
1:Catalin Tache:Catalin_tache
1:Sorin, Daniela Piu || Sami, Clara Lupu:Sorin_daniela_piu_//_sami_clara_lupu
1:P.W.Bickel:Pwbickel
1:Ira D. Sankey:Ira_d_sankey
1:Franz Joseph Haydn:Franz_joseph_haydn
1:Paul și Adina Iliescu:Paul_si_adina_iliescu
1:Adi Tise:Adi_tise
1:Daniel Hozan:Daniel_hozan
1:Studenți Poarta Cerului:Studenti_poarta_cerului
1:Theo Pascalau:Theo_pascalau
1:Beniamin Vidrascu:Beniamin_vidrascu
1:Michael Ledner:Michael_ledner
1:Anca Şinea:Anca_sinea
1:Joshua Aaron:Joshua_aaron
1:Rugul Aprins și Arman Ludovic:Rugul_aprins_si_arman_ludovic
1:Arina Băjenaru:Arina_bajenaru
1:Pauline Michael Mills:Pauline_michael_mills
1:Grupul Maslinul:Grupul_maslinul
1:Samuel Moldovean:Samuel_moldovean
1:Ionuț și Corina Gontaru:Ionut_si_corina_gontaru
1:Șchiop Dragoș:Schiop_dragos
1:George şi Denisa Ciurdaş:George_si_denisa_ciurdas
1:Agapeatena:Agapeatena
1:Noua Generatie:Noua_generatie
1:Frederik Whitfield Melodie traditionala americana:Frederik_whitfield_melodie_traditionala_americana
1:Mircea Cugudeanu:Mircea_cugudeanu
1:Frances R. Havergal, Samuel S. Wesley:Frances_r_havergal_samuel_s_wesley
1:Dia Morar:Dia_morar
1:Familia Buzulan:Familia_buzulan
1:Ligia Marin:Ligia_marin
1:Pr. Iosif Trifa:Pr_iosif_trifa
1:Josiah G. Holland:Josiah_g_holland
1:L.Kings:Lkings
1:Costel Bungau:Costel_bungau
1:Collingsworth Family:Collingsworth_family
1:Mildred L. Dillon:Mildred_l_dillon
1:Casting Crowns, trad: Pop Marius:Casting_crowns_trad:_pop_marius
1:Melodie Americana:Melodie_americana
1:Daniel Preda:Daniel_preda
1:Grupul Ahava:Grupul_ahava
1:James, Jeff Easter:James_jeff_easter
1:Tom Hayes:Tom_hayes
1:Traian Dorz, Vasi Gherghian:Traian_dorz_vasi_gherghian
1:Grupul Mesaj:Grupul_mesaj
1:Otniel:Otniel
1:Sefora Turcin:Sefora_turcin
1:Carmel:Carmel
1:Corneliu Matie:Corneliu_matie
1:Phil Wickham:Phil_wickham
1:Lance B.Latham:Lance_blatham
1:F.Eckhaerdt:Feckhaerdt
1:Halleluyah:Halleluyah
1:Keith Getty, Krystin Getty, Graham Kendrick:Keith_getty_krystin_getty_graham_kendrick
1:Andreea Lup, Daniel Ardelean:Andreea_lup_daniel_ardelean
1:Studio Fratii Pal:Studio_fratii_pal
1:Nahum Tate, Georg Friedrich Händel:Nahum_tate_georg_friedrich_h"andel
1:Arangament Corneliu Radulescu:Arangament_corneliu_radulescu
1:Nahum Tate, Este's Psalter:Nahum_tate_este's_psalter
1:Suflet pentru Dumnezeu:Suflet_pentru_dumnezeu
1:Cătălin, Ramona Lup:Catalin_ramona_lup
1:John Francis Wade:John_francis_wade
1:KLUG's Gesangbuch:Klug's_gesangbuch
1:John F.Wade:John_fwade
1:Johan A.P.Schulz:Johan_apschulz
1:Joseph Haydn:Joseph_haydn
1:Casa Tamplarului Ocna Mures:Casa_tamplarului_ocna_mures
1:Alin si Florina Jivan, Alex Tascu:Alin_si_florina_jivan_alex_tascu
1:Raul şi Raluca Ursan:Raul_si_raluca_ursan
1:Colind din Cehia:Colind_din_cehia
1:John Wesley Work, Jr.:John_wesley_work_jr
1:Ira D.Sanke:Ira_dsanke
1:Vili Dulă:Vili_dula
1:Grupul Betel, Dumbraveni:Grupul_betel_dumbraveni
1:Dumitru Vasile:Dumitru_vasile
1:Eugenia Posa(adaptare după Eugene M. Bartlett):Eugenia_posaadaptare_dupa_eugene_m_bartlett
1:Marius Pop, Axel Serbanescu, Dinu Onea:Marius_pop_axel_serbanescu_dinu_onea
1:unknown:Unknown
1:Balan Adriana Mirela:Balan_adriana_mirela
1:Veneciuc Alberto:Veneciuc_alberto
1:Ethelbert W.Bullinger:Ethelbert_wbullinger
1:George Fr.Root:George_frroot
1:Grupup Hristic:Grupup_hristic
1:BBSO, Matt Redman:Bbso_matt_redman
1:Marcel Vidican:Marcel_vidican
1:George F.Root:George_froot
1:Frații Sighiartău:Fratii_sighiartau
1:Pas:Pas
1:Alex Ciobanu, Denisa Baranai:Alex_ciobanu_denisa_baranai
1:James H.Fillmore:James_hfillmore
1:Cornel Sava și Mădălina Doroșcan:Cornel_sava_si_madalina_doroscan
1:A.S.Sullivan:Assullivan
1:Colegiul Biblic Est European:Colegiul_biblic_est_european
1:Ruben Andruș:Ruben_andrus
1:Ghennadii Beglet:Ghennadii_beglet
1:Bill Harvey:Bill_harvey
1:Jean, Claude Gianadda:Jean_claude_gianadda
1:Ronela Utina:Ronela_utina
1:Harry Dixon Loes, Traducere Ro:Harry_dixon_loes_traducere_ro
1:Fernando Ortega:Fernando_ortega
1:Sandu Henry Ionut:Sandu_henry_ionut
1:Adoramus Quartet:Adoramus_quartet
1:Alex Tascu:Alex_tascu
1:Cristi Dragusin:Cristi_dragusin
1:Adi Calbajos:Adi_calbajos
1:Charles Frederick Weigle:Charles_frederick_weigle
1:Betania Dublin, Elevation Worship:Betania_dublin_elevation_worship
1:Steven Furtick, Jane Williams, Matthews Ntele:Steven_furtick_jane_williams_matthews_ntele
1:El Shaddai:El_shaddai
1:Switchfoot:Switchfoot
1:Jesus Image Worship:Jesus_image_worship
1:Misty Edwards:Misty_edwards
1:David Gregor Corner:David_gregor_corner
1:Jimmy Needham:Jimmy_needham
1:Laudă și închinare Biserica Poarta Cerului:Lauda_si_inchinare_biserica_poarta_cerului
1:Memfis:Memfis
1:Iulian Avasiloaie:Iulian_avasiloaie
1:Tabita Bobu:Tabita_bobu
1:Christian și Christiana Văduvă:Christian_si_christiana_vaduva
1:irinamoisa:Irinamoisa
1:Fratii Suciu:Fratii_suciu
1:Elisa Hewitt, Emily Wilson.:Elisa_hewitt_emily_wilson